,Wavelength,Reference,Raw_water_000,Raw_water_001,Raw_water_002,SKY,water_000,water_001,water_002,Avg_Rrs
0,286.9,4224.0,8.0,8.0,8.0,352.0,7.16197243913529e-05,7.16197243913529e-05,7.16197243913529e-05,7.16197243913529e-05
1,288.76,2544.0,52.0,48.0,51.0,1156.0,0.0035773827114221677,0.0030819003414190973,0.0034535121189214002,0.003370931723920888
2,290.62,2608.0,56.0,55.0,51.0,1164.0,0.003953584540327567,0.0038327537169679225,0.0033494304235293444,0.0037119228936082775
3,292.47,2608.0,53.0,52.0,52.0,1172.0,0.0035717591385110905,0.003450928315151446,0.003450928315151446,0.0034912052562713273
4,294.32,2608.0,53.0,54.0,56.0,1180.0,0.003552426206773547,0.0036732570301331916,0.00391491867685248,0.003713533971253073
5,296.16,2688.0,54.0,53.0,56.0,1184.0,0.003554555130804169,0.0034373204629016573,0.0037890244666091938,0.00359363335343834
6,298.0,2704.0,58.0,52.0,54.0,1192.0,0.003981039591315793,0.0032817937614593893,0.0035148757047448573,0.003592569685840013
7,299.84,2704.0,58.0,52.0,53.0,1212.0,0.003934423202658699,0.003235177372802295,0.0033517183444450294,0.0035071063066353415
8,301.68,2736.0,58.0,56.0,54.0,1204.0,0.00390683502410842,0.0036764791854227816,0.0034461233467371435,0.0036764791854227816
9,303.51,2720.0,57.0,55.0,55.0,1216.0,0.00378615566532405,0.0035544447922932023,0.0035544447922932023,0.0036316817499701514
10,305.33,2688.0,58.0,56.0,56.0,1228.0,0.003920327294660007,0.0036858579588549827,0.0036858579588549827,0.003764014404123324
11,307.16,2800.0,60.0,58.0,55.0,1240.0,0.003961593897761692,0.003736503335388868,0.003398867491829633,0.003698988241660064
12,308.98,2800.0,57.0,59.0,56.0,1260.0,0.0035789399417278916,0.0038040305041007146,0.00346639466054148,0.0036164550354566955
13,310.8,2832.0,61.0,59.0,58.0,1284.0,0.003930182954876896,0.0037076357886890766,0.003596362205595167,0.0037447269830537134
14,312.61,2800.0,59.0,59.0,59.0,1292.0,0.0037320015241414112,0.0037320015241414112,0.0037320015241414112,0.0037320015241414112
15,314.42,2864.0,61.0,60.0,56.0,1316.0,0.0038158509023482265,0.003705820599512349,0.0032656993881688395,0.0035957902966764718
16,316.23,2944.0,58.0,60.0,60.0,1348.0,0.0033225324315466756,0.003536613129455611,0.003536613129455611,0.003465252896819299
17,318.04,2928.0,63.0,62.0,64.0,1368.0,0.003835764583386064,0.0037281393144919543,0.003943389852280174,0.003835764583386064
18,319.84,3008.0,66.0,63.0,60.0,1440.0,0.003897179683635852,0.0035828909994716704,0.0032686023153074887,0.0035828909994716704
19,321.64,2944.0,68.0,65.0,64.0,1468.0,0.00413603908360063,0.003814918036737227,0.003707877687782759,0.003886278269373539
20,323.43,3104.0,66.0,64.0,64.0,1520.0,0.003614211864903839,0.0034111662545159827,0.0034111662545159827,0.003478848124645268
21,325.23,3104.0,68.0,63.0,66.0,1584.0,0.003687308284643468,0.0031796942586738274,0.0034842626742556115,0.003450421739190969
22,327.02,3248.0,72.0,68.0,68.0,1652.0,0.0037799690991574143,0.003391881922652546,0.003391881922652546,0.0035212443148208354
23,328.81,3264.0,72.0,72.0,69.0,1724.0,0.0036224133150489176,0.0036224133150489176,0.003332774723760358,0.003525867117952731
24,330.59,3328.0,71.0,72.0,72.0,1808.0,0.0032989835547766926,0.003393673094236414,0.003393673094236414,0.0033621099144165068
25,332.37,3472.0,73.0,73.0,74.0,1932.0,0.003118593436746053,0.003118593436746053,0.0032093557602834817,0.0031488475445918627
26,334.15,3536.0,76.0,75.0,78.0,2056.0,0.0031084904812753713,0.0030193709147250452,0.003286729614376023,0.0031381970034588132
27,335.93,3744.0,83.0,76.0,78.0,2192.0,0.0032960376579935016,0.002706858301355235,0.0028751952603947397,0.002959363739914492
28,337.71,3840.0,84.0,80.0,82.0,2328.0,0.0030724861763890394,0.002744229106262005,0.0029083576413255225,0.0029083576413255225
29,339.48,4016.0,87.0,81.0,86.0,2508.0,0.0028907546924653235,0.0024199477392950752,0.0028122868669369487,0.002707663099565782
30,341.25,4208.0,90.0,87.0,88.0,2676.0,0.0027318976239317574,0.002507234990384738,0.0025821225349004114,0.002607085049738969
31,343.02,4432.0,93.0,87.0,92.0,2896.0,0.002494279715535673,0.002067664028727975,0.0024231771010677235,0.0023283736151104573
32,344.78,4560.0,96.0,95.0,94.0,3104.0,0.0023441010144650523,0.002274994262859361,0.0022058875112536697,0.0022749942628593612
33,346.54,4832.0,99.0,100.0,102.0,3364.0,0.0020686717081648057,0.002133888344613885,0.0022643216175120447,0.002155627223430245
34,348.3,5088.0,104.0,106.0,107.0,3604.0,0.001976974656312251,0.0021008452488130184,0.002162780545063402,0.0020802001500628904
35,350.06,5344.0,110.0,106.0,111.0,3880.0,0.0019105740848112398,0.001674700741007383,0.001969542420762204,0.0018516057488602757
36,351.82,5664.0,114.0,114.0,114.0,4188.0,0.0016824565763799168,0.0016824565763799168,0.0016824565763799168,0.0016824565763799168
37,353.57,6000.0,119.0,115.0,121.0,4476.0,0.0015483229483751948,0.001338238423493893,0.0016533652108158459,0.001513308860894978
38,355.32,6400.0,121.0,124.0,127.0,4808.0,0.0012230858432933293,0.0013708015248504947,0.00151851720640766,0.001370801524850495
39,357.07,6720.0,130.0,126.0,131.0,5148.0,0.0012680101680335714,0.001080434699389552,0.0013149040351945764,0.0012211163008725666
40,358.82,7104.0,136.0,134.0,139.0,5580.0,0.0010823611501485986,0.000993643023087238,0.0012154383407406396,0.0010971475046588255
41,360.57,7632.0,147.0,145.0,143.0,5996.0,0.0011181385483069286,0.0010355581533064168,0.0009529777583059052,0.001035558153306417
42,362.31,8128.0,149.0,146.0,154.0,6448.0,0.0007769612226786332,0.0006606496623974006,0.0009708138231473542,0.0008028082360744627
43,364.05,8608.0,158.0,157.0,162.0,6904.0,0.0007292432160145557,0.0006926346208331021,0.0008756775967403702,0.0007658518111960094
44,365.79,9040.0,164.0,163.0,171.0,7308.0,0.0006218873767504025,0.0005870282188608059,0.0008659014819775783,0.0006916056925295955
45,367.53,9472.0,168.0,165.0,174.0,7672.0,0.0004844009737550288,0.00038459308081099816,0.0006840167596430901,0.0005176702714030391
46,369.27,9872.0,176.0,171.0,182.0,7964.0,0.0005337236511368567,0.0003741172961318158,0.0007252512771429057,0.0005443640748038595
47,371.0,10336.0,181.0,176.0,188.0,8296.0,0.00045976315332962875,0.00030732178949354475,0.0006731810627001463,0.00048008866850777327
48,372.73,10752.0,188.0,186.0,193.0,8656.0,0.0004361129645973452,0.0003774956306460891,0.0005826562994754854,0.00046542163157297327
49,374.46,11360.0,195.0,192.0,200.0,9148.0,0.00033399001050671734,0.00025076990822099036,0.00047269018098292895,0.0003524833665702122
50,376.19,12032.0,204.0,200.0,209.0,9720.0,0.0002514309473313451,0.00014666805260995128,0.0003823845657330875,0.00026016118855812795
51,377.92,12864.0,214.0,211.0,222.0,10336.0,0.00017833667690483649,0.00010484628807042586,0.0003743110471299315,0.00021916467070173126
52,379.64,13488.0,224.0,220.0,235.0,10860.0,0.00015887174924297695,6.54177791000491e-05,0.00041587016713602853,0.00021338656515968485
53,381.37,14128.0,231.0,232.0,242.0,11332.0,9.725033923582314e-05,0.00011955546291376429,0.0003426066996931759,0.00018647083394758777
54,383.09,14912.0,240.0,238.0,252.0,11888.0,4.733664187239653e-05,5.071783057756943e-06,0.00030092579476023403,0.00011777807323012916
55,384.81,16096.0,261.0,255.0,270.0,12784.0,0.00010415472841406476,-1.3313010398790384e-05,0.0002803563366333475,0.00012373268488287395
56,386.53,17456.0,280.0,272.0,289.0,13864.0,4.910316576052373e-05,-9.53179100057241e-05,0.00021157687599755254,5.512071058411739e-05
57,388.25,19040.0,300.0,296.0,311.0,15044.0,-1.4564683447653204e-05,-8.076779002789538e-05,0.0001674938596480128,2.4053795390821408e-05
58,389.96,20928.0,327.0,321.0,342.0,16520.0,-5.1196056808804e-05,-0.00014154203941257486,0.00017466889970062314,-6.023065506918577e-06
59,391.68,22800.0,356.0,346.0,369.0,17892.0,-2.5431284590894874e-05,-0.00016364478780227766,0.00015424626958390275,-1.1609934269756592e-05
60,393.39,24992.0,390.0,379.0,400.0,19484.0,4.0349140502169785e-06,-0.00013466525642599463,0.00013012597811950025,-1.6812141875913235e-07
61,395.1,28096.0,433.0,421.0,445.0,21800.0,-3.364821903352286e-05,-0.00016824109516761429,0.00010094465710056858,-3.364821903352285e-05
62,396.81,31424.0,486.0,468.0,495.0,24324.0,-4.813545631190907e-06,-0.00018532150680084306,8.544043495363517e-05,-3.4898205826132936e-05
63,398.52,35840.0,544.0,527.0,562.0,27640.0,-7.737488081565865e-05,-0.0002268490823913617,8.08919208527328e-05,-7.444401411809585e-05
64,400.23,39600.0,601.0,582.0,614.0,30436.0,-6.143380803347182e-05,-0.00021263100397077238,4.2016904976260155e-05,-7.734930234266134e-05
65,401.93,42256.0,640.0,620.0,654.0,32268.0,-3.997253833883167e-05,-0.00018912380079715843,6.443334538199705e-05,-5.4887664584664344e-05
66,403.64,44096.0,665.0,640.0,680.0,33328.0,-1.1148353325069507e-05,-0.00018980786173963815,9.604735172367168e-05,-3.4969621113678654e-05
67,405.34,45456.0,693.0,666.0,702.0,34116.0,7.403982067490407e-05,-0.00011313950125603406,0.0001364329279852168,3.2444415801362264e-05
68,407.04,47424.0,723.0,691.0,729.0,35076.0,0.0001427320215856012,-6.990413720114156e-05,0.00018260130135811545,8.514306191419169e-05
69,408.74,49696.0,759.0,726.0,762.0,36464.0,0.00018845718205103923,-2.0798773792981255e-05,0.00020748045076413198,0.00012504628634072998
70,410.44,52192.0,797.0,763.0,804.0,37964.0,0.00022774721064117232,2.2460753541494345e-05,0.0002700120694558119,0.00017340667787949285
71,412.14,55360.0,845.0,809.0,852.0,39900.0,0.00026753899935209137,6.261551048665968e-05,0.00030738523329814754,0.00021251324771229954
72,413.84,58272.0,894.0,850.0,896.0,41564.0,0.00033918094626635235,0.00010123512937031446,0.0003499966652161723,0.000263470913617613
73,415.53,61040.0,935.0,900.0,936.0,43192.0,0.0003673725784048189,0.0001866806131972772,0.00037253520598217723,0.00030886279919475776
74,417.23,63664.0,982.0,936.0,983.0,44568.0,0.0004486537447044137,0.00022096097929837847,0.0004536035874306319,0.00037440610381114136
75,418.92,66016.0,1018.0,975.0,1016.0,45780.0,0.0004888054868784531,0.0002835453703181651,0.0004792585047128583,0.00041720312063649217
76,420.61,68144.0,1061.0,1008.0,1054.0,46852.0,0.0005732436686491734,0.0003281491668872649,0.0005408726967183553,0.0004807551774182645
77,422.3,69056.0,1076.0,1030.0,1072.0,47032.0,0.0006176952318683319,0.0004077810721022026,0.0005994418266712771,0.0005416393768806039
78,423.99,69920.0,1092.0,1047.0,1090.0,47168.0,0.0006699148407828241,0.0004671015480269906,0.0006609009166603425,0.0005993057684900524
79,425.68,70368.0,1103.0,1059.0,1101.0,47020.0,0.0007281664338697919,0.0005311226264265519,0.0007192098971678265,0.0006594996524880567
80,427.37,70448.0,1109.0,1064.0,1104.0,46684.0,0.000784238422003247,0.0005829451925362944,0.0007618725076180301,0.0007096853740525237
81,429.06,70608.0,1120.0,1071.0,1111.0,46292.0,0.0008665451085773614,0.0006478558300426956,0.0008263776900709943,0.0007802595428970171
82,430.74,73200.0,1168.0,1118.0,1154.0,47452.0,0.0009426251550821691,0.00072737461729395,0.0008823550045014678,0.0008507849256258624
83,432.43,79040.0,1267.0,1211.0,1250.0,50856.0,0.0009962535629555863,0.0007729855962295065,0.0009284757873423121,0.000899238315509135
84,434.11,83168.0,1330.0,1277.0,1320.0,53084.0,0.001016674917927885,0.0008158558561726006,0.000978784528917454,0.0009371051010059799
85,435.79,87920.0,1417.0,1359.0,1401.0,55744.0,0.0010828719857337162,0.0008749857975549939,0.001025524071753379,0.000994460618347363
86,437.47,91120.0,1477.0,1419.0,1459.0,57352.0,0.0011411241741083357,0.0009405386422308854,0.0010788734918015408,0.0010535121027135874
87,439.15,95680.0,1566.0,1502.0,1539.0,59700.0,0.0012252003018788297,0.0010144131531684935,0.0011362744735166567,0.0011252959761879934
88,440.83,102096.0,1681.0,1609.0,1654.0,63080.0,0.0012945088407266391,0.0010722755633486751,0.0012111713617099025,0.0011926519219284057
89,442.51,108064.0,1794.0,1721.0,1759.0,66224.0,0.0013691731675988606,0.0011562969509633246,0.0012671092281160692,0.0012641931155594182
90,444.19,112816.0,1891.0,1820.0,1859.0,68604.0,0.0014494893674399708,0.0012511664176823244,0.0013601043759999048,0.0013535867203740665
91,445.86,117552.0,1988.0,1913.0,1950.0,70812.0,0.0015327420368789956,0.0013316862568910205,0.0014308737750184217,0.0014317673562628125
92,447.54,122992.0,2102.0,2023.0,2059.0,73392.0,0.001624827659100507,0.0014224159884354698,0.0015146542181056133,0.00152063262188053
93,449.21,126688.0,2182.0,2103.0,2138.0,74972.0,0.0016978162095421198,0.0015013097038080782,0.0015883695481206282,0.0015958318204902754
94,450.89,128240.0,2225.0,2154.0,2185.0,75272.0,0.0017681895749016244,0.001593719815857187,0.0016698967529047584,0.0016772687145545232
95,452.56,127040.0,2230.0,2159.0,2186.0,73900.0,0.0018653600760871261,0.0016892423029459215,0.0017562166673799006,0.0017702730154709825
96,454.23,128320.0,2279.0,2203.0,2228.0,73868.0,0.0019686583368825603,0.0017820184067355185,0.001843413120599677,0.0018646966214059188
97,455.9,130576.0,2334.0,2260.0,2284.0,74440.0,0.0020397711726849836,0.0018611825939122805,0.001919103214054779,0.0019400189935506811
98,457.57,132128.0,2384.0,2314.0,2337.0,74652.0,0.0021249497641103103,0.0019579989655472752,0.002012854227932272,0.0020319343191966192
99,459.24,134080.0,2447.0,2374.0,2393.0,75084.0,0.0022217754668197223,0.0020502043490206283,0.002094859845434091,0.0021222798870914805
100,460.91,137632.0,2537.0,2459.0,2476.0,76336.0,0.002313170561320205,0.002134579176968366,0.0021735029402245357,0.0022070842261710352
101,462.58,140272.0,2611.0,2539.0,2553.0,77164.0,0.0023986766664722495,0.0022369257205444764,0.002268377293363766,0.0023013265601268306
102,464.24,142544.0,2692.0,2617.0,2626.0,77748.0,0.0025136923494258135,0.0023478873415044245,0.0023677839424549913,0.0024097878777950762
103,465.91,146544.0,2798.0,2725.0,2733.0,79148.0,0.002612810157138235,0.0024558316696225227,0.0024730347915420526,0.002513892206100937
104,467.57,152048.0,2944.0,2870.0,2873.0,81328.0,0.002730457715257244,0.002577089158868311,0.0025833068030462407,0.0026302845590572654
105,469.24,158016.0,3095.0,3025.0,3022.0,83640.0,0.002836252765095188,0.002696653768078831,0.002690670953920987,0.002741192495698335
106,470.9,164384.0,3262.0,3189.0,3185.0,85996.0,0.0029561923069972556,0.0028162501260398476,0.0028085820613298527,0.0028603414981223188
107,472.56,170160.0,3418.0,3348.0,3336.0,88016.0,0.003069930493699193,0.0029402944152287142,0.0029180710874909177,0.002976098665472942
108,474.22,173872.0,3544.0,3469.0,3454.0,89052.0,0.0031952006129630415,0.003059270106330884,0.0030320840050044526,0.0030955182414327924
109,475.88,176128.0,3626.0,3560.0,3538.0,89404.0,0.003288391538851082,0.0031703048748155578,0.0031309426534703827,0.003196546355712341
110,477.54,178320.0,3712.0,3650.0,3621.0,89912.0,0.0033819932733583466,0.003272426983463993,0.0032211782349650217,0.0032918661639291208
111,479.2,177296.0,3733.0,3675.0,3641.0,89156.0,0.0034657263562817503,0.003362636869408537,0.0033022051012414804,0.0033768561089772557
112,480.86,172912.0,3678.0,3621.0,3584.0,86624.0,0.00354565019935346,0.003441769457257184,0.0033743380983525836,0.0034539192516544093
113,482.52,165200.0,3543.0,3498.0,3457.0,82392.0,0.0036151070354786437,0.0035292674142347706,0.003451057981545908,0.003531810810419774
114,484.17,156432.0,3397.0,3350.0,3309.0,77728.0,0.0037115308762494803,0.0036168510217175955,0.0035342579571259513,0.003620879951697676
115,485.83,150480.0,3296.0,3256.0,3215.0,74332.0,0.0037890603662204176,0.0037052946066983674,0.0036194347031882662,0.0037045965587023505
116,487.49,154480.0,3411.0,3368.0,3322.0,75564.0,0.003875276154914941,0.0037875596100234083,0.003693723306185955,0.0037855196903747684
117,489.14,157904.0,3520.0,3482.0,3427.0,76732.0,0.003962154970599301,0.0038863189061662646,0.0037765561813289748,0.003875010019364847
118,490.79,159760.0,3588.0,3550.0,3497.0,77196.0,0.004031950196726698,0.0039569951521709,0.0038524525900272876,0.003947132646308295
119,492.45,163632.0,3714.0,3677.0,3619.0,78440.0,0.004131282292968692,0.004060026724797965,0.0039483288071249355,0.004046545941630531
120,494.1,169408.0,3887.0,3850.0,3782.0,80628.0,0.004230833078464666,0.004162006983292583,0.0040355157813547005,0.004142785281037317
121,495.75,174112.0,4036.0,4001.0,3930.0,82252.0,0.004327418807522148,0.004264072010309616,0.004135568507392765,0.0042423531084081765
122,497.4,177456.0,4163.0,4132.0,4054.0,83228.0,0.004436735700774613,0.00438168582696375,0.004243173241246094,0.004353864922994819
123,499.05,181392.0,4308.0,4282.0,4194.0,84376.0,0.00455247995303779,0.004507310946298955,0.004354431231182897,0.0044714073768398815
124,500.7,186592.0,4484.0,4458.0,4372.0,85924.0,0.004670561615045697,0.004626651391293496,0.004481409881959291,0.004592874296099494
125,502.35,195216.0,4748.0,4726.0,4625.0,88872.0,0.004795216730939574,0.004759703303141223,0.004596664384612427,0.004717194806231075
126,503.99,202879.99,4992.0,4975.0,4864.0,91504.0,0.004911305897486631,0.004884900358998222,0.004712487725338605,0.004836231327274486
127,505.64,208655.99,5190.0,5178.0,5060.0,93532.0,0.0050131283207589545,0.004995005086204971,0.0048167932797574765,0.004941642228907135
128,507.29,210287.99,5292.0,5281.0,5157.0,93688.0,0.005122398999084026,0.005105914963735448,0.004920094928896929,0.005049469630572134
129,508.93,212479.99,5405.0,5401.0,5259.0,94160.0,0.0052231436926858535,0.005217211335717615,0.005006612663345137,0.005148989230582868
130,510.58,211343.99,5433.0,5433.0,5296.0,93036.0,0.005326487494697461,0.005326487494697461,0.005122212133646941,0.0052583957076806215
131,512.22,206063.99,5357.0,5361.0,5218.0,90240.0,0.005432260988079677,0.005438378054672863,0.00521969292396643,0.005363443988906323
132,513.86,197648.0,5204.0,5212.0,5074.0,85960.0,0.005556108983948945,0.005568864055078304,0.005348839078096855,0.005491270705708034
133,515.51,187200.0,4995.0,5008.0,4869.0,81000.0,0.005681372367583283,0.005703256172258418,0.005469267799193506,0.0056179654463450685
134,517.15,180720.0,4893.0,4912.0,4770.0,77768.0,0.005819941182144989,0.005853072041812525,0.005605462459034098,0.005759491894330538
135,518.79,185152.0,5078.0,5095.0,4951.0,78976.0,0.005954376744027098,0.005983310568044517,0.005738224058720496,0.005891970456930702
136,520.43,187952.0,5217.0,5242.0,5094.0,79696.0,0.006074580534447201,0.006116496394257413,0.005868354504180963,0.006019810477628527
137,522.07,188720.0,5307.0,5336.0,5178.0,79540.0,0.006205352729153458,0.0062537772566669,0.005989947072283323,0.006149692352701228
138,523.71,188704.0,5374.0,5413.0,5248.0,79044.0,0.006334331649178848,0.006399459811303425,0.006123917586930216,0.006285903015804163
139,525.34,186064.0,5368.0,5407.0,5239.0,77596.0,0.006463093508489324,0.006529145752370763,0.00624461300949687,0.006412284090118986
140,526.98,190608.0,5572.0,5617.0,5441.0,79032.0,0.0065988020116959905,0.006673199232324127,0.006382223436089637,0.0065514082267032515
141,528.62,201759.99,5968.0,6015.0,5828.0,83036.0,0.0067274949235282015,0.0068009037247683864,0.006508830409195734,0.00667907635249744
142,530.25,206735.99,6188.0,6247.0,6044.0,84652.0,0.006851648345992804,0.006941581794213383,0.006632149760505288,0.006808459966903825
143,531.89,209711.99,6351.0,6412.0,6210.0,85568.0,0.006971822867783691,0.007063485409475462,0.006759947156660091,0.006931751811306414
144,533.52,218015.99,6682.0,6747.0,6526.0,88516.0,0.007099488155678347,0.007193441086268103,0.006874001122262933,0.007055643454736461
145,535.16,225535.99,6985.0,7064.0,6827.0,91156.0,0.007212359592548585,0.007322741160467897,0.006991596456709961,0.00717556573657548
146,536.79,229215.99,7179.0,7266.0,7019.0,92220.0,0.007334023074252758,0.007453630918788428,0.007114054624531983,0.007300569539191056
147,538.42,230671.99,7304.0,7391.0,7137.0,92260.0,0.007457403504574073,0.007576256385225122,0.007229260618726658,0.00742097350284195
148,540.05,232287.99,7433.0,7531.0,7268.0,92252.0,0.007580744413361962,0.0077136932806604885,0.00735690193270628,0.00755044654224291
149,541.68,237647.99,7687.0,7798.0,7515.0,93768.0,0.007706370427419788,0.007853559020905206,0.007478294408685626,0.007679407952336873
150,543.31,241791.99,7905.0,8020.0,7730.0,94788.0,0.007831824765769005,0.007981703926538658,0.007603747781989096,0.007805758824765586
151,544.94,242511.99,8016.0,8136.0,7837.0,94516.0,0.007959878019071717,0.008115809338090764,0.007727280468201635,0.007934322608454704
152,546.57,240463.99,8031.0,8156.0,7859.0,93204.0,0.008081716049340682,0.008245527888340957,0.007856310958876301,0.008061184965519315
153,548.2,239151.99,8068.0,8198.0,7895.0,92204.0,0.008201160751992271,0.00837245969184995,0.007973201393566285,0.008182273945802836
154,549.83,236447.99,8063.0,8203.0,7893.0,90648.0,0.008329760070422665,0.008516345501853371,0.008103192046542522,0.008316432539606186
155,551.45,231839.99,7997.0,8139.0,7829.0,88396.0,0.00846683080158617,0.008659843248661057,0.008238478047300388,0.008455050699182539
156,553.08,227647.99,7945.0,8094.0,7784.0,86312.0,0.008608456678779668,0.008814713238791337,0.008385588852189877,0.008602919589920295
157,554.7,222927.99,7875.0,8021.0,7712.0,84020.0,0.008756569315250942,0.008962952151919433,0.00852615560034023,0.008748559022503535
158,556.33,214655.99,7672.0,7823.0,7517.0,80524.0,0.008898644402552024,0.009120320699056095,0.008671095886273012,0.008896686995960378
159,557.95,207663.99,7508.0,7658.0,7356.0,77440.0,0.009042990799748097,0.009270613403446952,0.008812333227999925,0.009041979143731657
160,559.58,205807.99,7523.0,7682.0,7375.0,76288.0,0.009182787189159701,0.009426243039363527,0.008956174196517145,0.009188401475013458
161,561.2,206287.99,7615.0,7779.0,7470.0,75980.0,0.009311370087236929,0.00956189748401267,0.009089867205941304,0.0093210449257303
162,562.82,206223.99,7687.0,7858.0,7541.0,75512.0,0.009438584399704152,0.009699886106804542,0.009215484696565806,0.009451318401024833
163,564.44,205711.99,7734.0,7904.0,7583.0,74812.0,0.009555521138487766,0.009815941320338771,0.009324206741667168,0.009565223066831234
164,566.06,207423.99,7860.0,8032.0,7708.0,74792.0,0.009668685356996935,0.00992999460777056,0.009437760902824895,0.009678813622530797
165,567.68,209583.99,7987.0,8169.0,7836.0,74648.0,0.009764323896783595,0.010037975883715399,0.009537282962570944,0.009779860914356646
166,569.3,210911.99,8082.0,8270.0,7932.0,74420.0,0.009851597269960934,0.010132490907238393,0.009627480006175727,0.009870522727791686
167,570.92,216991.99,8344.0,8537.0,8187.0,75872.0,0.009913877103300217,0.010194161504365605,0.009685873730412827,0.009931304112692883
168,572.53,225871.99,8707.0,8912.0,8542.0,78164.0,0.009966607781370236,0.010252614875038648,0.00973640694988103,0.009985209868763304
169,574.15,230239.99,8883.0,9088.0,8710.0,79068.0,0.009993669454995474,0.010274250562565016,0.009756886373973372,0.010008268797177955
170,575.77,234895.99,9043.0,9259.0,8876.0,80120.0,0.009982002560996133,0.0102717792662585,0.009757962237946062,0.01000391468840023
171,577.38,240207.99,9225.0,9436.0,9047.0,81632.0,0.009960351506174716,0.010237160583695127,0.009726834843621952,0.009974782311163931
172,578.99,247215.99,9432.0,9654.0,9252.0,84004.0,0.009881390136523095,0.01016437404377551,0.009651943725237356,0.009899235968511987
173,580.61,256063.99,9689.0,9915.0,9502.0,87228.0,0.009776875906182727,0.010055004251893348,0.009546743159953141,0.009792874439343072
174,582.22,262479.99,9831.0,10055.0,9633.0,89516.0,0.009653435510584556,0.009922364202482622,0.009415721756138943,0.009663840489735375
175,583.83,263903.99,9761.0,9981.0,9568.0,89808.0,0.009510786255006535,0.009773487448765788,0.009280325662299556,0.009521533122023959
176,585.44,260751.99,9516.0,9727.0,9322.0,88224.0,0.009367949960657493,0.009622949940235529,0.00913349500313077,0.009374798301341263
177,587.05,255247.99,9189.0,9384.0,8995.0,84872.0,0.009249010089480621,0.009489755270384027,0.009009499499248513,0.009249421619704387
178,588.66,239311.99,8476.0,8657.0,8296.0,77764.0,0.009113226042517908,0.009351567416492833,0.008876201471714116,0.009113664976908286
179,590.27,240207.99,8368.0,8537.0,8184.0,77172.0,0.008953081317927459,0.009174790958216317,0.008711693307198759,0.008946521861114179
180,591.88,241583.99,8262.0,8424.0,8076.0,77552.0,0.008753904862015617,0.008965220767287967,0.008511282896702919,0.008743469508668835
181,593.49,236991.99,7936.0,8086.0,7753.0,75932.0,0.00853312400933216,0.008732578084123012,0.00828979003808732,0.00851849737718083
182,595.1,232159.99,7578.0,7717.0,7397.0,74292.0,0.008269309490628889,0.008457983789924609,0.008023625690826548,0.008250306323793349
183,596.7,228703.99,7227.0,7349.0,7052.0,73456.0,0.00793367105744559,0.00810177248870299,0.007692541955232105,0.007909328500460229
184,598.31,223359.99,6803.0,6905.0,6628.0,72016.0,0.007565921362351824,0.007709827763434843,0.007319023125199585,0.007531590750328751
185,599.91,218431.99,6406.0,6491.0,6236.0,70652.0,0.007203228080406251,0.007325855617345167,0.0069579730065284185,0.007162352234759945
186,601.52,213855.99,6086.0,6153.0,5915.0,69288.0,0.006926023118838688,0.007024750747419823,0.006674046633952509,0.0068749401667370065
187,603.12,213775.99,5949.0,6006.0,5781.0,69112.0,0.006731852380945124,0.0068158759744148655,0.0064842038949290475,0.006677310750096346
188,604.72,212383.99,5829.0,5879.0,5661.0,68520.0,0.006615490621273566,0.0066896786020441395,0.00636621900588444,0.00655712940973405
189,606.32,209743.99,5701.0,5748.0,5528.0,67508.0,0.006536855865819302,0.006607470327783775,0.006276934548375604,0.00647375358065956
190,607.93,207151.99,5587.0,5630.0,5423.0,66520.0,0.006475287458810434,0.006540700549241493,0.0062258049743756936,0.00641393099414254
191,609.53,205551.99,5504.0,5549.0,5335.0,65804.0,0.006420398922731677,0.0064893873350038616,0.006161309107753919,0.006357031788496486
192,611.13,205775.99,5471.0,5513.0,5305.0,65612.0,0.006368754090518745,0.006433073183662323,0.00611454053190365,0.0063054559353615735
193,612.72,205823.99,5432.0,5472.0,5262.0,65412.0,0.0063136820954971095,0.006374924089167906,0.006053403622396224,0.006247336602353747
194,614.32,206367.99,5411.0,5446.0,5239.0,65336.0,0.0062672925712449114,0.006320738057418752,0.00600464618204775,0.006197558936903804
195,615.92,207311.99,5400.0,5433.0,5230.0,65400.0,0.006220087963660138,0.006270249963367074,0.005961677662139555,0.006150671863055589
196,617.52,213103.99,5511.0,5543.0,5335.0,66812.0,0.00617341189454123,0.006220731783738531,0.005913152503956081,0.006102432060745282
197,619.11,220303.99,5661.0,5692.0,5481.0,68684.0,0.0061326595937783715,0.006177002551012058,0.005875184358227933,0.0060616155010061205
198,620.71,225375.99,5758.0,5792.0,5573.0,69860.0,0.00609738816523256,0.006144927882169339,0.0058387161760177315,0.006027010741139877
199,622.3,228175.99,5803.0,5834.0,5618.0,70300.0,0.006072560412051357,0.006115373551185674,0.005817062646249788,0.0060016655364956055
200,623.9,230783.99,5841.0,5874.0,5655.0,70580.0,0.006048177743022198,0.006093237991705932,0.005794201795895695,0.005978539176874608
201,625.49,234735.99,5914.0,5944.0,5720.0,70932.0,0.006034900547869176,0.0060751747453608295,0.005774460737423157,0.005961512010217721
202,627.08,237439.99,5951.0,5984.0,5759.0,70352.0,0.006030675441485069,0.0060744725456781095,0.005775855926180108,0.005960334637781096
203,628.67,239359.99,5969.0,5997.0,5774.0,69952.0,0.0060165310542912,0.006053394149267996,0.00575980592855995,0.005943243710706383
204,630.26,242575.99,6015.0,6041.0,5815.0,70964.0,0.005970230108228127,0.006004006313657076,0.005710413143390054,0.0058948831884250855
205,631.85,246015.99,6061.0,6090.0,5862.0,72192.0,0.005914212313400554,0.005951358991680842,0.005659309245201334,0.005841626850094243
206,633.44,249391.99,6115.0,6138.0,5912.0,73384.0,0.005872261660276489,0.005901324005496177,0.005615754874207071,0.0057964468466599126
207,635.03,251055.99,6123.0,6145.0,5921.0,74020.0,0.005827415720377347,0.0058550302350562555,0.0055738642674164575,0.0057521034076166875
208,636.62,251887.99,6116.0,6135.0,5906.0,74232.0,0.0057941055376693395,0.005817875662474088,0.0055313831056168624,0.0057144547685867636
209,638.2,251471.99,6080.0,6102.0,5873.0,74100.0,0.005761886117441306,0.005789454950539111,0.005502488460566501,0.005684609842848972
210,639.79,246943.99,5948.0,5965.0,5738.0,72724.0,0.005734209289187161,0.005755903096695792,0.0054662269611393715,0.005652113115674109
211,641.38,243087.99,5825.0,5845.0,5626.0,71384.0,0.005700459839363389,0.0057263868123349415,0.005442486458296441,0.005623111036664924
212,642.96,240079.99,5728.0,5746.0,5533.0,70184.0,0.0056760626695796955,0.005699689304068455,0.005420107462618129,0.00559861981208876
213,644.54,234911.99,5570.0,5593.0,5376.0,68224.0,0.005641568174609644,0.005672421925873702,0.005381323490034544,0.00556510453017263
214,646.13,227471.99,5365.0,5376.0,5175.0,65024.0,0.005630755371708945,0.005645994147527197,0.005367540153030061,0.005548096557422068
215,647.71,220575.99,5168.0,5179.0,4984.0,62172.0,0.005606838643010253,0.00562255383785327,0.005343966292908869,0.005524452924590798
216,649.29,215343.99,5001.0,5006.0,4818.0,60692.0,0.005541996151711532,0.005549312975072192,0.005274200416711371,0.005455169847831697
217,650.87,213471.99,4899.0,4900.0,4720.0,60088.0,0.005457855914296843,0.00545933211165333,0.005193616587485726,0.005370268204478633
218,652.45,210607.99,4759.0,4754.0,4577.0,59296.0,0.005346298690967627,0.005338817332180576,0.005073977231118951,0.005253031084755718
219,654.03,203871.99,4516.0,4507.0,4343.0,57412.0,0.005205577231435175,0.0051916658496612604,0.004938169559558828,0.005111804213551755
220,655.61,190048.0,4104.0,4094.0,3943.0,53636.0,0.00502629613504635,0.0050097147036541785,0.00475933508963238,0.0049317819761109695
221,657.19,190976.0,4001.0,3979.0,3837.0,53668.0,0.0048308572157508885,0.004794555327968743,0.004560243143193079,0.00472855189563757
222,658.77,197280.0,4015.0,3984.0,3844.0,55460.0,0.004641602892336427,0.004592084794166412,0.004368454673398603,0.004534047453300481
223,660.34,200463.99,3972.0,3934.0,3801.0,56472.0,0.004468467381946704,0.004408731875743149,0.00419965760403071,0.0043589522872401875
224,661.92,201823.99,3907.0,3862.0,3733.0,56884.0,0.004323999910349756,0.0042537371758280184,0.0040523173368657035,0.004210018141014493
225,663.49,201343.99,3814.0,3769.0,3636.0,56708.0,0.004194261620308915,0.004123831380849133,0.003915670895334667,0.004077921298830905
226,665.07,201967.99,3754.0,3695.0,3581.0,56688.0,0.004088310297153888,0.003996253726941968,0.003818381709922328,0.003967648578006061
227,666.64,202239.99,3698.0,3637.0,3524.0,56628.0,0.003997423384303127,0.003902374259613993,0.003726299651583303,0.0038753657651668075
228,668.21,203135.99,3669.0,3605.0,3490.0,56696.0,0.003932693640374294,0.003833409833557958,0.0036550092431848562,0.003807037572372369
229,669.79,203487.99,3638.0,3577.0,3451.0,56652.0,0.003879246127351294,0.003784779942754163,0.0035896530696518927,0.003751226379919117
230,671.36,203711.99,3628.0,3558.0,3439.0,56552.0,0.003862605155795804,0.0037543205373374764,0.003570236685958319,0.0037290541263638663
231,672.93,205455.99,3654.0,3578.0,3462.0,56812.0,0.0038617205565421573,0.0037451523521472964,0.0035672324612288256,0.00372470178997276
232,674.5,206927.99,3683.0,3612.0,3489.0,57016.0,0.00387220008075168,0.0037640755012790885,0.0035767610889533316,0.0037376788903280334
233,676.07,208703.99,3731.0,3657.0,3530.0,57332.0,0.003902182531744418,0.0037904482890889495,0.0035986881699369964,0.0037637729969234542
234,677.64,210639.99,3787.0,3709.0,3581.0,57668.0,0.003940042496975943,0.003823351030122416,0.003631857340926884,0.003798416956008414
235,679.21,212879.99,3847.0,3773.0,3640.0,58080.0,0.003975204408241338,0.003865662021181734,0.0036687817849800144,0.003836549404801029
236,680.77,214799.99,3907.0,3834.0,3691.0,58396.0,0.004018424212300076,0.003911328045887301,0.003701536925380083,0.003877096394522487
237,682.34,216031.99,3952.0,3880.0,3733.0,58504.0,0.004057998596349952,0.003952971888559219,0.0037385423601531387,0.003916504281687437
238,683.9,215263.99,3963.0,3889.0,3743.0,58040.0,0.004102164432767301,0.003993835202867658,0.0037801045600926865,0.003958701398575882
239,685.47,204431.99,3789.0,3728.0,3587.0,54064.0,0.004173882495432334,0.004079852524748005,0.003862504559723571,0.004038746526634636
240,687.03,185440.0,3477.0,3420.0,3288.0,46796.0,0.004318175025496482,0.0042213122834917835,0.003996998565165113,0.004178828624717793
241,688.6,186224.0,3494.0,3436.0,3303.0,45960.0,0.004357056297773456,0.004258909154200806,0.004033847600835935,0.0042166043509367325
242,690.16,191776.0,3573.0,3514.0,3378.0,47296.0,0.004316824213862817,0.004219875271075423,0.00399639974193838,0.004177699742292207
243,691.72,198687.99,3665.0,3605.0,3462.0,49352.0,0.004247347468645169,0.004152185162965207,0.003925381667761299,0.004108304766457225
244,693.28,201583.99,3670.0,3598.0,3460.0,50076.0,0.00417150950049597,0.004058955280851937,0.0038432263598675398,0.0040245637137384825
245,694.85,204895.99,3662.0,3593.0,3453.0,51468.0,0.004048958622251542,0.00394283771512586,0.003727519932552011,0.003906438756643138
246,696.41,209055.99,3660.0,3580.0,3449.0,53400.0,0.0039071285770788085,0.003786538188897364,0.0035890714282502483,0.003760912731408807
247,697.97,207663.99,3549.0,3464.0,3340.0,53092.0,0.0037742255667709552,0.0036452394246749378,0.0034570714056172177,0.00362551213235437
248,699.52,203743.99,3396.0,3312.0,3194.0,51780.0,0.0036507838527886755,0.0035208627192374773,0.00333835446020127,0.0035033336774091405
249,701.08,200847.99,3257.0,3166.0,3049.0,51092.0,0.0035069247640991375,0.0033641474445636134,0.0031805766051607974,0.0033505496046078494
250,702.64,200287.99,3154.0,3054.0,2947.0,51232.0,0.003350267661340419,0.003192930824857137,0.0030245804098200254,0.0031892596320058607
251,704.2,199375.99,3042.0,2935.0,2836.0,51284.0,0.0031869255862403477,0.003017805090620745,0.0028613291180381224,0.003022019931633072
252,705.75,194096.0,2867.0,2759.0,2669.0,50328.0,0.003020538703555219,0.002845194064661213,0.002699073532249542,0.0028549354334886576
253,707.31,187008.0,2671.0,2559.0,2481.0,49044.0,0.0028480176558680847,0.0026592866915239994,0.0025278490556415113,0.0026783844676778654
254,708.86,181632.0,2506.0,2388.0,2317.0,47876.0,0.0026865724521686566,0.002481845526825157,0.00235866237683034,0.002509026785274718
255,710.42,177248.0,2359.0,2236.0,2176.0,46868.0,0.00252751425081457,0.002308834238399196,0.0022021610616112085,0.0023461698502749914
256,711.97,173312.0,2214.0,2093.0,2038.0,45900.0,0.002356468775210319,0.0021364589590062693,0.0020364544970953376,0.002176460743770642
257,713.52,168992.0,2075.0,1945.0,1900.0,44532.0,0.002208527988500213,0.001966111292136753,0.001882197820318632,0.0020189457003185326
258,715.08,161120.0,1893.0,1774.0,1735.0,41700.0,0.002071246696710203,0.0018385003729061292,0.0017622221659451304,0.0018906564118538211
259,716.63,146432.0,1661.0,1547.0,1514.0,36432.0,0.002006471341151496,0.001761139352551309,0.0016901221979565178,0.0018192442972197742
260,718.18,133920.0,1462.0,1356.0,1333.0,32172.0,0.0019261513069762366,0.0016767229956252286,0.0016226017582566137,0.0017418253536193595
261,719.73,132288.0,1381.0,1273.0,1255.0,31420.0,0.001792788613770725,0.0015355189216537462,0.0014926406396342496,0.0016069827250195737
262,721.28,136512.0,1360.0,1246.0,1229.0,32900.0,0.00162050958670308,0.0013573499102299302,0.0013181068005804254,0.001431988765837812
263,722.83,132176.0,1270.0,1157.0,1143.0,31360.0,0.001532528589838936,0.0012631201725212637,0.0012297421385173042,0.001341796966959168
264,724.38,128912.0,1195.0,1077.0,1071.0,29972.0,0.0014558529032011153,0.0011674006186660026,0.001152733553350658,0.0012586623584059254
265,725.92,128800.0,1147.0,1032.0,1025.0,29772.0,0.0013494668541560268,0.0010681036511899975,0.0010509771953572827,0.0011561825669011024
266,727.47,127520.0,1090.0,971.0,972.0,29472.0,0.0012369813728189826,0.0009429091669586283,0.0009453803619658581,0.001041756967247823
267,729.02,127488.0,1048.0,926.0,927.0,29540.0,0.0011301139492626506,0.0008285524842363089,0.0008310242995234101,0.0009298969110074565
268,730.56,130544.0,1024.0,900.0,906.0,30816.0,0.0009841194436773324,0.0006847895500941563,0.0006992732546223745,0.0007893940827979544
269,732.11,136800.0,1027.0,899.0,900.0,33576.0,0.0008188689353597061,0.0005240134618420894,0.0005263170202289458,0.0006230664724769137
270,733.65,143744.0,1044.0,906.0,916.0,36224.0,0.0007004766187465936,0.00039794227539710083,0.00041986505390068725,0.0005060946493481271
271,735.2,148080.0,1051.0,906.0,920.0,37740.0,0.0006303386980332413,0.0003217664116901623,0.00035155959795776993,0.00043455490256039114
272,736.74,149088.0,1043.0,891.0,904.0,38508.0,0.0005767009595200258,0.0002554190879211257,0.00028289714272892633,0.00037167239672335927
273,738.29,148272.0,1019.0,876.0,886.0,38836.0,0.0005149247196528185,0.00021100266702629936,0.00023225595741976224,0.00031939444803296004
274,739.83,148448.0,1012.0,864.0,876.0,39368.0,0.00047686786958398534,0.00016269210080536252,0.00018816581178741302,0.00027590859405892033
275,741.37,149184.0,1007.0,859.0,875.0,39976.0,0.00043826754768312135,0.00012564176660975545,0.00015943914834741664,0.00024111615421343116
276,742.91,150624.0,1009.0,856.0,872.0,40696.0,0.00040813504933321726,8.803733276574615e-05,0.00012151160377933791,0.00020589466195943375
277,744.45,151424.0,1011.0,859.0,873.0,41124.0,0.0003923268566801467,7.600136222129722e-05,0.00010513660513198073,0.00019115494134447486
278,745.99,151968.0,1015.0,860.0,865.0,41388.0,0.00038826818579018244,6.685412470559434e-05,7.722232022445202e-05,0.00017744821024007627
279,747.53,152112.0,1014.0,854.0,868.0,41480.0,0.00038201706362527666,5.0548895620698174e-05,7.955236032109879e-05,0.00017070610652235787
280,749.07,151616.0,1002.0,845.0,859.0,41364.0,0.0003631473741616425,3.683019385384795e-05,6.59285411424411e-05,0.0001553020363859772
281,750.61,151424.0,1001.0,844.0,851.0,41264.0,0.00036568892030466475,3.895798194914257e-05,5.3525603404484324e-05,0.00015272416855276387
282,752.15,151904.0,999.0,842.0,852.0,41320.0,0.00035806090354282346,3.236239916146033e-05,5.310752682906307e-05,0.00014784360984444893
283,753.69,152144.0,1001.0,841.0,851.0,41272.0,0.00036362695066675,3.222849938695951e-05,5.294090259194642e-05,0.00014959878421521864
284,755.22,151632.0,992.0,833.0,847.0,41008.0,0.0003571237412512159,2.668452535885488e-05,5.5779802229880374e-05,0.0001465293562799837
285,756.76,146272.0,963.0,802.0,811.0,39288.0,0.0003818439057710492,3.498727730603612e-05,5.437677827613002e-05,0.00015706932045107176
286,758.29,115328.0,764.0,636.0,654.0,30368.0,0.0004280093296173581,7.825706843872019e-05,0.00012744098016696616,0.00021123579274101483
287,759.83,80496.0,548.0,458.0,471.0,19736.0,0.0006000625367808204,0.0002477293666981361,0.00029862193571007935,0.00038213794639634525
288,761.37,75760.0,518.0,434.0,445.0,16416.0,0.0007889816396413411,0.00043958023870358984,0.00048533518406448586,0.000571299020803139
289,762.9,76304.0,519.0,437.0,444.0,15132.0,0.0008935420384904816,0.000554891423052233,0.0005838006219311078,0.0006774113611579408
290,764.43,88848.0,597.0,504.0,506.0,18036.0,0.0008380397680131347,0.0005081866343360501,0.000515280250114052,0.0006205022174877456
291,765.97,107520.0,716.0,600.0,602.0,23816.0,0.0007024701300718531,0.0003624895931545677,0.0003683513265496933,0.0004777703499253714
292,767.5,122736.0,813.0,677.0,682.0,29148.0,0.0005906316496834018,0.00024144931462453094,0.00025428690047228354,0.0003621226215934055
293,769.03,131616.0,863.0,722.0,730.0,32672.0,0.0005017472765559537,0.00016415247795703458,0.00018330679277115766,0.0002830688490947153
294,770.56,136720.0,895.0,749.0,751.0,34928.0,0.0004527757906782064,0.00011625947302895902,0.00012086928559949665,0.0002299681831022207
295,772.1,139344.0,913.0,757.0,769.0,36180.0,0.00042832855034144164,7.553417941607256e-05,0.00010267220794879326,0.00020217831256876914
296,773.63,139280.0,916.0,756.0,768.0,36524.0,0.00041974670867295135,5.7740060399599574e-05,8.489055902010096e-05,0.0001874591093642173
297,775.16,138720.0,913.0,759.0,760.0,36460.0,0.00041753390650068413,6.769592172862009e-05,6.99675969544127e-05,0.0001850658083945723
298,776.69,136864.0,906.0,747.0,752.0,36056.0,0.00042568272474925934,5.958821352504776e-05,7.110061953838775e-05,0.00018545718593756494
299,778.22,134976.0,897.0,740.0,746.0,35500.0,0.0004365865726440639,7.004062662738992e-05,8.404875195286791e-05,0.00019689198374144056
300,779.75,132800.0,881.0,732.0,735.0,34860.0,0.0004361468637784254,8.257840511147545e-05,8.969723313832679e-05,0.00020280750067607587
301,781.28,130512.0,872.0,719.0,726.0,34184.0,0.0004547066674977789,8.528164558210242e-05,0.00010218344397040134,0.00021405725235009422
302,782.81,127776.0,855.0,709.0,708.0,33376.0,0.00046237141628411996,0.00010229979916505922,9.983355521218895e-05,0.00022150159022045607
303,784.33,125312.0,846.0,700.0,700.0,32516.0,0.0004920838366889021,0.00012493215968266885,0.00012493215968266885,0.00024731605201808
304,785.86,122096.0,827.0,681.0,689.0,31344.0,0.0005165048214427106,0.00013968239524525034,0.00016033019942045365,0.0002721724720361382
305,787.39,118288.0,805.0,667.0,671.0,30016.0,0.0005452805933742837,0.00017763977900233155,0.00018829603449137364,0.00030373880228932965
306,788.91,114832.0,789.0,652.0,653.0,28824.0,0.0005832062912921607,0.00020724514924893642,0.0002099893911616607,0.00033348027723425263
307,790.44,111760.0,774.0,639.0,637.0,28016.0,0.0006025079806277277,0.0002218519651618757,0.00021621261678460383,0.0003468575208580691
308,791.97,109040.0,757.0,627.0,627.0,27420.0,0.0006028562714174555,0.00022715485586487062,0.00022715485586487062,0.0003523886610490656
309,793.49,106896.0,745.0,617.0,617.0,26844.0,0.0006135326576994912,0.00023619179576630424,0.00023619179576630424,0.00036197208307736656
310,795.02,104560.0,735.0,605.0,607.0,25912.0,0.0006532792886372081,0.0002614804903218498,0.0002675081641420861,0.000394089314367048
311,796.54,102960.0,728.0,602.0,602.0,25520.0,0.0006660022233999311,0.0002803575536003386,0.0002803575536003386,0.00040890577686686943
312,798.07,100864.0,718.0,595.0,593.0,24956.0,0.000683841124772258,0.00029955540498521606,0.00029330685669599584,0.00042556779548449003
313,799.59,98352.0,701.0,580.0,582.0,24164.0,0.0006975903299956842,0.0003098977435108514,0.00031630588543622056,0.0004412646529809187
314,801.12,96240.0,691.0,573.0,570.0,23532.0,0.000721543421178985,0.00033516602192721414,0.0003253428677089488,0.0004606841036050493
315,802.64,94368.0,683.0,562.0,566.0,23072.0,0.000739864053482662,0.00033580397733443086,0.00034916133522362855,0.0004749431220135738
316,804.16,93344.0,679.0,558.0,562.0,22980.0,0.0007406883906671712,0.00033219570483887707,0.00034569959527948183,0.0004728612302618434
317,805.68,91968.0,673.0,558.0,555.0,22712.0,0.0007495774181731731,0.0003555318747012637,0.0003452524257411269,0.00048345390620518794
318,807.21,89616.0,659.0,543.0,542.0,22052.0,0.000766437182698322,0.00035853337836263947,0.00035501696625629735,0.0004933291757724195
319,808.73,87392.0,644.0,532.0,526.0,21248.0,0.0007898362721416208,0.0003859755047938234,0.0003643401065430485,0.0005133839611594975
320,810.25,84832.0,629.0,519.0,519.0,20260.0,0.0008313534397709947,0.00042273468027676143,0.00042273468027676143,0.0005589409334415059
321,811.77,80592.0,598.0,493.0,489.0,18752.0,0.0008718069845803874,0.0004612412625632512,0.0004456006636292651,0.0005928829702576345
322,813.29,75488.0,562.0,464.0,465.0,17032.0,0.0009240735698599441,0.000514969802936044,0.0005191443311699614,0.0006527292346553164
323,814.81,71520.0,535.0,440.0,441.0,15736.0,0.0009705834551353433,0.0005520006140337561,0.0005564067492032465,0.0006929969394574486
324,816.33,69696.0,521.0,428.0,432.0,15144.0,0.0009862180735001197,0.000565723479535737,0.0005838092685234524,0.0007119169405197696
325,817.85,70064.0,521.0,430.0,428.0,15232.0,0.0009731221698015772,0.0005638315548452843,0.0005548361567143768,0.0006972632937870793
326,819.37,71984.0,537.0,445.0,440.0,15868.0,0.0009615254440902659,0.0005587739377330246,0.0005368852689092616,0.0006857282169108507
327,820.89,68992.0,515.0,421.0,417.0,15008.0,0.0009812998461886642,0.0005519469065976456,0.0005336765687427086,0.0006889744405096728
328,822.41,69024.0,514.0,417.0,423.0,14932.0,0.000983218951635022,0.0005403686623120412,0.0005677614637134628,0.0006971163592201752
329,823.93,72944.0,532.0,431.0,435.0,16212.0,0.0008975480003017232,0.00046121594393633026,0.00047849642141614777,0.0006124201218847338
330,825.45,73232.0,532.0,430.0,432.0,16316.0,0.0008850676974052225,0.00044614847757182746,0.0004547547367842469,0.0005953236372537655
331,826.97,72224.0,520.0,419.0,420.0,16008.0,0.0008719392055053587,0.000431257361249748,0.0004356205478265362,0.0005796057048605476
332,828.49,72640.0,518.0,419.0,422.0,16216.0,0.0008402224142141494,0.0004107406969113779,0.00042375529440540126,0.0005582394685103095
333,830.01,73296.0,518.0,416.0,422.0,16476.0,0.0008103456788152376,0.0003718097108655653,0.00039760594427436957,0.0005265871113183908
334,831.52,73824.0,516.0,418.0,420.0,16708.0,0.0007762063151092311,0.0003578813102659367,0.0003664185552627386,0.0005001687268793021
335,833.04,75264.0,525.0,419.0,421.0,17228.0,0.0007554936955831892,0.00031167673852367883,0.00032005064337385826,0.0004624070258269088
336,834.56,76592.0,536.0,423.0,430.0,17736.0,0.0007458505327674377,0.00028092825671536094,0.00030972875169203826,0.00044550251372494563
337,836.08,77504.0,539.0,425.0,433.0,18108.0,0.0007190212256143441,0.00025550381032348656,0.0002880313482386345,0.00042085212805882173
338,837.59,78272.0,542.0,432.0,436.0,18532.0,0.0006899034939121248,0.00024703827256330525,0.00026314246243053506,0.00040002807630198835
339,839.11,78912.0,546.0,430.0,434.0,18816.0,0.0006775992659264617,0.00021436544433599993,0.00023033902439084346,0.000374101244884435
340,840.62,79008.0,549.0,431.0,437.0,19048.0,0.0006702347273893903,0.00019958668030567187,0.00022351793693704738,0.0003644464482107032
341,842.14,79008.0,550.0,430.0,433.0,19164.0,0.0006649698509304875,0.00018634471830297723,0.00019831034661866497,0.0003498749719507099
342,843.66,79216.0,552.0,432.0,435.0,19364.0,0.0006552676783436685,0.00017789928712681427,0.0001898334969072356,0.00034100015412590615
343,845.17,78976.0,551.0,432.0,436.0,19416.0,0.0006491190458055013,0.00017429013966550468,0.00019025077516600876,0.00033788665354567154
344,846.69,77920.0,546.0,424.0,430.0,19232.0,0.0006525777515691773,0.0001591810876410686,0.000183446497342451,0.0003317351121842323
345,848.2,75536.0,528.0,413.0,418.0,18704.0,0.0006421350760510878,0.00016236939423017375,0.00018322877170064828,0.00032924441399397
346,849.72,74944.0,528.0,409.0,417.0,18504.0,0.000664026770040067,0.00016365198765171872,0.00019729062848454886,0.0003416564620587782
347,851.23,73584.0,520.0,405.0,407.0,18204.0,0.0006677344080131398,0.00017524173919893334,0.00018380682909135434,0.00034226099210114244
348,852.75,69840.0,496.0,387.0,391.0,17356.0,0.000671765121656534,0.00017994353205039342,0.0001979920307515362,0.00034990022815282123
349,854.26,71120.0,503.0,386.0,397.0,17592.0,0.0006697773505566138,0.00015136011044597717,0.00020010019284954128,0.00034041255128404403
350,855.77,72528.0,515.0,396.0,400.0,17880.0,0.0006838869998411008,0.00016684409653048448,0.00018422368991907664,0.00034498492876355397
351,857.29,72544.0,515.0,401.0,405.0,17872.0,0.0006844311950050575,0.00018922202877900672,0.00020659778899746465,0.00036008367092717626
352,858.8,72112.0,516.0,397.0,403.0,17796.0,0.000699543711372562,0.00017951808885048002,0.00020573786813730767,0.0003615998894534499
353,860.31,71824.0,518.0,398.0,405.0,17716.0,0.0007181436922039601,0.0001916453841365407,0.0002223577854404735,0.0003773822872603248
354,861.83,71312.0,510.0,396.0,403.0,17608.0,0.0006974928779293389,0.00019372838170566526,0.0002246612893685224,0.00037196084966784217
355,863.34,69296.0,502.0,388.0,391.0,17144.0,0.0007236056106942554,0.00020518530137333336,0.000218827941092305,0.00038253961771996463
356,864.85,65664.0,479.0,368.0,374.0,16352.0,0.0007292681926389488,0.00019657031567841095,0.00022536479551411571,0.00038373443461049185
357,866.37,65728.0,478.0,368.0,374.0,16260.0,0.0007325853989592621,0.00020520062222157347,0.00023396706458908377,0.00039058436192330646
358,867.88,65504.0,479.0,366.0,375.0,16192.0,0.000746444069383155,0.0002028234207604653,0.00024612064056227245,0.00039846271023529753
359,869.39,64448.0,474.0,360.0,365.0,15888.0,0.0007639555804863131,0.00020653791423285887,0.00023098605748958932,0.0004004931840695871
360,870.9,62944.0,463.0,353.0,361.0,15532.0,0.0007627846548737405,0.00021207375938862993,0.00025212546087845613,0.0004089946250469422
361,872.41,61248.0,451.0,346.0,351.0,15092.0,0.0007674423915383761,0.00022720740151739523,0.00025293287723268003,0.00041586089009615037
362,873.93,59600.0,443.0,340.0,345.0,14680.0,0.0007899319131862371,0.00024533360623722484,0.0002717704172541672,0.0004356786455592097
363,875.44,58256.0,433.0,330.0,337.0,14340.0,0.0007908462013607095,0.00023368369287813024,0.0002715491060759754,0.0004320263334382718
364,876.95,56944.0,424.0,321.0,330.0,13972.0,0.0007999917177448282,0.00022999208487461996,0.0002797978780380362,0.00043659389355249484
365,878.46,54864.0,412.0,315.0,319.0,13484.0,0.0008174548769987664,0.00026030814379977575,0.00028328326681829083,0.0004536820958722777
366,879.97,53248.0,401.0,305.0,313.0,13028.0,0.0008311374326077045,0.00026300019584937615,0.00031034496557923684,0.00046816086467877245
367,881.48,52080.0,395.0,298.0,303.0,12728.0,0.0008497773811730999,0.00026284768896439375,0.00029310179681020336,0.00046857562231589905
368,882.99,50528.0,385.0,293.0,299.0,12328.0,0.0008634054867964522,0.00028963125402215573,0.000327051312681349,0.0004933626844999857
369,884.5,48640.0,370.0,279.0,289.0,11832.0,0.0008640071619501566,0.0002744401873141019,0.00033922776694443753,0.0004925583720695653
370,886.01,47200.0,361.0,271.0,277.0,11444.0,0.0008820879479020423,0.000281210599194929,0.00032126908910873656,0.0004948558787352359
371,887.52,45968.0,354.0,267.0,271.0,11124.0,0.0009016157994383749,0.00030520023867850095,0.00033262164377090894,0.0005131458939625949
372,889.03,44624.0,346.0,261.0,268.0,10776.0,0.0009214266585193706,0.00032117170776717476,0.0003706044684173556,0.0005377342782346336
373,890.54,42832.0,333.0,253.0,258.0,10252.0,0.0009414368627595508,0.00035285489166886574,0.00038964126486203354,0.00056131100643015
374,892.05,40544.0,318.0,241.0,245.0,9516.0,0.000992388225268028,0.00039390848415244095,0.00042499834083377017,0.0006037650167514131
375,893.56,37648.0,296.0,226.0,231.0,8620.0,0.0010345747692571546,0.0004486505471859505,0.0004905022773338937,0.0006579091979256662
376,895.07,34464.0,275.0,209.0,214.0,7688.0,0.0011085762446295716,0.000505095280050623,0.0005508135349429677,0.0007214950198743873
377,896.58,31712.0,256.0,191.0,198.0,6932.0,0.0011662235040396183,0.0005203089866352625,0.0005898690115865008,0.0007588005007537938
378,898.09,29472.0,241.0,179.0,186.0,6300.0,0.0012296274613879127,0.000566697873509212,0.0006415447624632588,0.0008126233657867946
379,899.59,28144.0,228.0,175.0,176.0,5884.0,0.0012352468439936692,0.0006418088206827149,0.0006530057645187707,0.0008433538097317182
380,901.1,28032.0,227.0,172.0,175.0,5804.0,0.0012469271992633776,0.000628634772654238,0.0006623598141056456,0.0008459739286744203
381,902.61,28880.0,229.0,176.0,178.0,6076.0,0.0011727779467231123,0.0005944635517070632,0.0006162867364246501,0.0007945094116182752
382,904.12,28064.0,230.0,174.0,176.0,5888.0,0.0012603274874934426,0.0006315112072044834,0.0006539689315005177,0.0008486025420661479
383,905.63,25824.0,212.0,163.0,163.0,5256.0,0.0013042422176645875,0.000706301829700845,0.000706301829700845,0.0009056152923554257
384,907.13,24096.0,203.0,153.0,159.0,4824.0,0.0013930654625470787,0.0007391669164772895,0.0008176347420056643,0.0009832890403433442
385,908.64,23456.0,198.0,149.0,154.0,4656.0,0.001409042353953206,0.0007507369063587448,0.0008179109316234857,0.0009925633973118123
386,910.15,23184.0,196.0,146.0,150.0,4612.0,0.0014103500453988016,0.0007307287821958325,0.00078509848325207,0.0009753924369489014
387,911.65,22176.0,188.0,141.0,146.0,4344.0,0.001436941771915398,0.0007690594214404802,0.0008401107353207905,0.001015370642892223
388,913.16,21520.0,185.0,137.0,141.0,4168.0,0.0014883590456971783,0.0007854740182132689,0.0008440477705035946,0.0010392936114713472
389,914.66,20992.0,177.0,136.0,141.0,4040.0,0.0014441309518088727,0.0008286489453206837,0.0009037077265997311,0.0010588292079097624
390,916.17,20592.0,178.0,133.0,135.0,3916.0,0.001525438916096166,0.0008367877200254651,0.0008673944398508295,0.001076540358657487
391,917.68,21008.0,180.0,139.0,136.0,4092.0,0.0014724317138005941,0.0008574184674087404,0.000812417498160556,0.0010474225597899634
392,919.18,21376.0,185.0,135.0,144.0,4272.0,0.001467721881819499,0.0007306176824324465,0.000863296438322116,0.001020545334191354
393,920.68,20976.0,183.0,139.0,144.0,4248.0,0.0014728752016134748,0.0008118540992981658,0.0008869701336521782,0.0010572331448546063
394,922.19,20480.0,179.0,134.0,137.0,4092.0,0.001495005793759811,0.0008025885364605983,0.0008487496869472125,0.0010487813390558738
395,923.69,20112.0,180.0,134.0,138.0,3992.0,0.0015693664985166464,0.0008486111178081226,0.0009112854987392985,0.0011097543716880225
396,925.2,19808.0,175.0,129.0,139.0,3952.0,0.0015266340120867622,0.0007948169575224535,0.0009539076215581728,0.0010917861970557963
397,926.7,18352.0,166.0,122.0,126.0,3548.0,0.0016319556379183952,0.0008764206203635825,0.0009451056219594746,0.001151160626747151
398,928.2,16368.0,151.0,113.0,116.0,3072.0,0.0017242641173359045,0.000992664782155418,0.0010504226244065092,0.0012557838412992773
399,929.71,14272.0,137.0,100.0,105.0,2632.0,0.0018626748723710716,0.0010457122090504261,0.0011561125689586215,0.001354833216793373
400,931.21,12032.0,118.0,89.0,89.0,2196.0,0.0019402088102402145,0.0011806778235101088,0.0011806778235101088,0.0014338548190868106
401,932.71,10304.0,97.0,75.0,77.0,1832.0,0.0018459872751119047,0.0011731622245409654,0.0012343281382292326,0.0014178258792940342
402,934.21,9616.0,90.0,70.0,72.0,1644.0,0.0018718845769373897,0.0012164628063010487,0.0012820049833646829,0.0014567841222010403
403,935.71,8800.0,86.0,66.0,64.0,1428.0,0.0020569184845196553,0.0013407212406061262,0.0012691015162147733,0.0015555804137801848
404,937.21,9168.0,85.0,67.0,69.0,1432.0,0.001937232300770643,0.001318527875400317,0.0013872728115525755,0.0015476776625745119
405,938.71,9936.0,93.0,69.0,73.0,1472.0,0.0020158472828284337,0.0012546714680411082,0.0013815341038389958,0.001550684284902846
406,940.21,9408.0,93.0,69.0,70.0,1340.0,0.002217410004327516,0.00141351513871029,0.0014470107581110077,0.001692645300382938
407,941.71,8640.0,85.0,64.0,64.0,1212.0,0.0022160999534353992,0.0014501667898056529,0.0014501667898056529,0.0017054778443489017
408,943.21,8144.0,82.0,61.0,63.0,1124.0,0.0023030877187380436,0.0014905063663607095,0.0015678950665871222,0.0017871630505619585
409,944.71,7952.0,81.0,60.0,64.0,1084.0,0.0023507697464711062,0.0015185687236138367,0.0016770832041580785,0.0018488072247476739
410,946.21,8064.0,80.0,59.0,60.0,1096.0,0.002269663170592636,0.0014490204952750504,0.0014880987179092212,0.0017355941279256356
411,947.71,8192.0,79.0,62.0,62.0,1148.0,0.002155725727724882,0.0015017760958311811,0.0015017760958311811,0.0017197593064624149
412,949.2,8320.0,84.0,62.0,66.0,1156.0,0.002305879664923135,0.0014726117176775866,0.0016241149808131408,0.0018008687878046208
413,950.7,8224.0,86.0,62.0,66.0,1140.0,0.0024216941827270694,0.0015020634804256507,0.0016553352641425537,0.0018596976424317582
414,952.2,8352.0,85.0,63.0,64.0,1160.0,0.0023317571188334147,0.0015016817690868918,0.0015394124668026427,0.0017909504515743165
415,953.69,8256.0,82.0,63.0,67.0,1164.0,0.002241308739285982,0.0015160896308657901,0.00166876733790162,0.001808721902684464
416,955.19,8272.0,84.0,61.0,65.0,1180.0,0.0023009741240626142,0.0014247753682109564,0.0015771577605329839,0.001767635750935518
417,956.68,8560.0,87.0,67.0,66.0,1260.0,0.0022750976000580235,0.001538820059586171,0.0015020061825625785,0.0017719746140689243
418,958.17,8336.0,84.0,62.0,68.0,1216.0,0.002256090051268491,0.001424421466685602,0.0016512401715718444,0.0017772505631753123
419,959.67,8688.0,88.0,67.0,68.0,1284.0,0.0022604398464438416,0.0014987383577512762,0.001535009857212827,0.0017647293538026482
420,961.16,8896.0,91.0,69.0,74.0,1372.0,0.0022515128824396715,0.0014721975360949143,0.0016493146602641773,0.0017910083595995875
421,962.65,9152.0,93.0,71.0,66.0,1420.0,0.002224343363308364,0.0014668270476305928,0.0012946642486129176,0.0016619448865172915
422,964.14,9200.0,95.0,71.0,73.0,1452.0,0.00225932205345174,0.0014372521734814282,0.0015057579968122874,0.001734110741248485
423,965.63,9616.0,99.0,72.0,73.0,1556.0,0.002224501489539741,0.0013396820991806806,0.0013724531877124977,0.0016455455921443065
424,967.12,10432.0,107.0,77.0,81.0,1816.0,0.002135080648764918,0.0012288494735675842,0.0013496802969272287,0.001571203473086577
425,968.61,10800.0,110.0,81.0,83.0,1936.0,0.0020798367963248882,0.001233663015552978,0.0012920198280200062,0.0015351732132992907
426,970.1,10896.0,113.0,81.0,87.0,2012.0,0.002104315808144758,0.0011788333196808731,0.0013523612862678515,0.0015451701380311607
427,971.58,10624.0,113.0,81.0,84.0,1992.0,0.0021700560768518505,0.001220879006605005,0.0013098643569406467,0.0015669331467991672
428,973.07,10288.0,109.0,78.0,83.0,1884.0,0.0021845686694986067,0.001235022556844978,0.0013881751556600796,0.0016025887940012216
429,974.55,10016.0,108.0,80.0,83.0,1876.0,0.00221746565200192,0.0013365201602871957,0.0014309071772566305,0.0016616309965152487
430,976.04,10112.0,108.0,80.0,81.0,1924.0,0.0021664966628384247,0.0012939145776906128,0.001325078223588749,0.0015951631547059288
431,977.52,10048.0,107.0,78.0,82.0,1936.0,0.0021414069504720277,0.0012319048771901179,0.0013573534390221053,0.0015768884222280837
432,979.0,9984.0,107.0,81.0,82.0,1940.0,0.0021526088637176654,0.0013319661884000804,0.0013635293682199877,0.0016160348067792447
433,980.49,10096.0,109.0,79.0,85.0,2008.0,0.0021487052336809855,0.0012123142253946755,0.0013995924270519373,0.0015868706287091993
434,981.97,9968.0,109.0,82.0,81.0,2016.0,0.002171238739292909,0.0013176649774858538,0.0012860511344559627,0.001591651617078242
435,983.45,9904.0,108.0,81.0,85.0,2036.0,0.0021407239752646388,0.0012816343894717546,0.0014089069207003301,0.001610421761812241
436,984.92,9792.0,109.0,80.0,76.0,2048.0,0.0021896677501415094,0.0012563878448783735,0.0011276595820834583,0.0015245717257011137
437,986.4,9552.0,105.0,76.0,82.0,2028.0,0.002125918150651867,0.0011691890015378982,0.001367132963423547,0.0015540800385377706
438,987.88,9328.0,105.0,73.0,79.0,2020.0,0.0021823746206044324,0.00110132217696137,0.0013040195101444445,0.0015292387692367488
439,989.35,9216.0,101.0,76.0,78.0,1992.0,0.0020912710842676463,0.0012364349641451617,0.0013048218537549605,0.0015441759673892562
440,990.83,8960.0,99.0,75.0,76.0,1976.0,0.0020919354140524274,0.0012478458051543395,0.0012830162055250934,0.0015409324749106202
441,992.3,8704.0,101.0,72.0,73.0,1944.0,0.0022490436613556647,0.0011991037679346362,0.0012353085918457062,0.0015611520070453356
442,993.77,8480.0,96.0,69.0,73.0,1896.0,0.0021583212037333747,0.0011549694044771571,0.001303614115478078,0.0015389682412295365
443,995.24,8144.0,91.0,71.0,71.0,1876.0,0.0020693738440542768,0.0012954868417901493,0.0012954868417901493,0.0015534491758781917
444,996.71,7984.0,93.0,68.0,69.0,1820.0,0.0022339900003034226,0.001247245300522759,0.0012867150885139855,0.0015893167964467225
445,998.18,7648.0,90.0,66.0,66.0,1756.0,0.0022612654404064814,0.0012723738483919852,0.0012723738483919852,0.0016020043790634841
446,999.64,7408.0,88.0,62.0,64.0,1700.0,0.0022970905123360485,0.0011910839693594327,0.0012761613957422491,0.0015881119591459102
447,1001.1,7088.0,84.0,59.0,61.0,1640.0,0.0022763108790750538,0.0011648309576516877,0.001253749351365557,0.0015649637293640994
448,1002.5,6864.0,81.0,58.0,62.0,1572.0,0.002275303551817596,0.001219371717842521,0.001403012036794708,0.0016325624354849419
449,1004.0,6480.0,74.0,58.0,56.0,1532.0,0.0021086261571419554,0.0013305353242482449,0.001233273970136531,0.001557478483842244
450,1005.4,6304.0,73.0,56.0,55.0,1448.0,0.0022014885332580585,0.0013516859659241122,0.0013016975796103507,0.0016182906929308402
451,1006.9,6048.0,74.0,54.0,53.0,1416.0,0.002380124279905225,0.0013380383429940055,0.0012859340461484447,0.0016680322230158914
452,1008.4,5760.0,72.0,50.0,55.0,1340.0,0.002472869928290324,0.0012692606711578653,0.0015428082295970602,0.0017616462763484165
453,1009.8,5616.0,69.0,51.0,54.0,1316.0,0.0023948738039353532,0.001384852049698325,0.0015531890087378299,0.0017776382874571696
454,1011.3,5456.0,65.0,51.0,50.0,1260.0,0.002298762121593424,0.0014901523300781493,0.0014323944878270583,0.0017404363131662106
455,1012.7,5200.0,64.0,43.0,48.0,1224.0,0.002394963583646841,0.0011223361733081858,0.001425342699579294,0.0016475474855114402
456,1014.2,4992.0,64.0,45.0,46.0,1172.0,0.002560405146990866,0.0013610043138343952,0.0014241306734742094,0.001781846711433157
457,1015.6,4784.0,60.0,43.0,44.0,1124.0,0.002471479318628693,0.0013516725911050316,0.0014175435750770117,0.001746898494936912
458,1017.1,4640.0,57.0,45.0,49.0,1092.0,0.0023879003970344523,0.0015729173263742298,0.0018445783499276374,0.0019351320244454398
459,1018.5,4448.0,55.0,40.0,42.0,1052.0,0.002405959014715269,0.0013432562696996907,0.0014849499690351012,0.0017447217511500203
460,1020.0,4336.0,57.0,38.0,42.0,1016.0,0.0026657865680279583,0.0012849265682315786,0.0015756339366097638,0.0018421156909564334
461,1021.4,4096.0,58.0,39.0,40.0,956.0,0.002991242551532598,0.0015294727861231495,0.001606408036934173,0.0020423744581966404
462,1022.8,3952.0,49.0,40.0,38.0,936.0,0.002414483583023464,0.0016968365471182073,0.0015373594280281501,0.001882893186056607
463,1024.3,3792.0,47.0,38.0,39.0,900.0,0.002409988616122529,0.0016620611145672613,0.0017451641702956244,0.0019390713003284716
464,1025.7,3664.0,47.0,35.0,35.0,876.0,0.0025354633434091613,0.0015033887124420672,0.0015033887124420672,0.0018474135894310986
465,1027.1,3520.0,42.0,35.0,36.0,848.0,0.0022416973734493456,0.001615024785025008,0.001704549440514199,0.0018537571996628509
466,1028.6,3376.0,47.0,35.0,33.0,796.0,0.0029011079828099207,0.001780989070528098,0.0015943025851477943,0.0020921332128286045
467,1030.0,3312.0,42.0,32.0,33.0,792.0,0.002489044914354555,0.0015375751458703978,0.0016327221227188135,0.0018864473943145884
468,1031.4,3136.0,44.0,29.0,31.0,748.0,0.0029181383621905317,0.0014108354891582324,0.0016118092055625389,0.0019802610189704343
469,1032.8,3072.0,40.0,30.0,33.0,728.0,0.002609643707509921,0.0015838403633629396,0.0018915813666070338,0.0020283551458266315
470,1034.3,2976.0,38.0,30.0,30.0,696.0,0.0025498162092448327,0.001702701189562164,0.001702701189562164,0.0019850728627897204
471,1035.7,2848.0,39.0,26.0,26.0,680.0,0.002810470645357303,0.0013720407874972663,0.0013720407874972663,0.0018515174067839455
472,1037.1,2784.0,34.0,29.0,28.0,644.0,0.002390617007269986,0.0018246565415337204,0.0017114644483864675,0.0019755793323967246
473,1038.5,2624.0,35.0,30.0,32.0,628.0,0.0026949104830429186,0.0020944402328105394,0.002334628332903491,0.002374659682918983
474,1039.9,2576.0,36.0,27.0,28.0,612.0,0.002906604218466458,0.0018056177720776484,0.0019279495994541829,0.00221339052999943
475,1041.3,2464.0,31.0,27.0,26.0,580.0,0.0024811118807004395,0.0019695424207622045,0.001841650055777646,0.0020974347857467632
476,1042.7,2400.0,33.0,25.0,23.0,568.0,0.0028413931990196074,0.0017909705746130982,0.001528364918511471,0.002053576230714725
477,1044.1,2240.0,33.0,26.0,23.0,544.0,0.003111877024804283,0.002127105814423181,0.001705061009974137,0.0023146812830672
478,1045.5,2240.0,29.0,24.0,26.0,540.0,0.002560405146990866,0.001856997139575793,0.0021383603425418223,0.0021852542097028273
479,1046.9,2160.0,31.0,19.0,22.0,520.0,0.003005375842051957,0.0012546714680411082,0.0016923475615438202,0.001984131623878962
480,1048.3,2080.0,26.0,23.0,25.0,492.0,0.002448292732270556,0.0019937829428638932,0.0022967894691350017,0.0022462883814231504
481,1049.7,2032.0,32.0,20.0,19.0,476.0,0.003486245166829477,0.0016252602023297564,0.0014701781219547795,0.002193894497038004
482,1051.1,1920.0,26.0,22.0,20.0,460.0,0.0027573593890670863,0.0021008452488130184,0.0017725881786859843,0.0022102642721886965
483,1052.5,1920.0,25.0,19.0,22.0,448.0,0.0026326217024188136,0.0016478504920377113,0.0021402360972282626,0.0021402360972282626
484,1053.9,1808.0,24.0,20.0,20.0,440.0,0.0026492959996093374,0.0019521128418174064,0.0019521128418174064,0.00218450722774805
485,1055.2,1792.0,24.0,16.0,22.0,416.0,0.0027573593890670867,0.0013505433742369403,0.0024056553853595503,0.0021711860495545257
486,1056.6,1680.0,25.0,21.0,17.0,408.0,0.0031587708919652885,0.0024084690173892106,0.0016581671428131323,0.0024084690173892106
487,1058.0,1632.0,20.0,17.0,19.0,396.0,0.002332556121843866,0.001753278939266747,0.002139463727651493,0.0020750995962540357
488,1059.3,1552.0,25.0,17.0,19.0,384.0,0.0035167499719176687,0.0018923850888148195,0.002298476309590532,0.0025692037901076732
489,1060.7,1584.0,21.0,14.0,19.0,376.0,0.0026817607910984364,0.0012891550390443521,0.002283873433368698,0.002084929754503829
490,1062.1,1552.0,22.0,18.0,16.0,360.0,0.0030050750337402713,0.0021928925921888467,0.0017868013714131344,0.0023282563324474176
491,1063.4,1488.0,18.0,17.0,19.0,352.0,0.0023210951539305124,0.002109316399009845,0.00253287390885118,0.0023210951539305124
492,1064.8,1520.0,22.0,20.0,14.0,344.0,0.0031346822528341618,0.0027200417432000135,0.0014761202142975682,0.002443614736777248
493,1066.1,1440.0,19.0,15.0,19.0,344.0,0.002652317126626436,0.0017769649396210117,0.002652317126626436,0.0023605330642912942
494,1067.5,1408.0,19.0,20.0,20.0,320.0,0.00282002664790952,0.0030438382866324982,0.0030438382866324982,0.0029692344070581717
495,1068.8,1408.0,17.0,12.0,16.0,324.0,0.0023544984393657265,0.0012354402457508374,0.0021306868006427484,0.001906875161919771
496,1070.1,1408.0,20.0,12.0,14.0,332.0,0.0029901234933389833,0.0011996303835551609,0.0016472536610011165,0.0019456691792984202
497,1071.5,1376.0,20.0,18.0,14.0,312.0,0.003151267873219527,0.002693234752112038,0.001777168509897059,0.0025405570450762085
498,1072.8,1296.0,15.0,16.0,17.0,296.0,0.0022078327383359036,0.002450986123615188,0.0026941395088944725,0.002450986123615188
499,1074.1,1312.0,17.0,14.0,16.0,304.0,0.0026228540530150333,0.001902289752736178,0.0023826659529220815,0.0023026032528910977
500,1075.4,1296.0,16.0,16.0,12.0,312.0,0.0023731770403258167,0.0023731770403258167,0.0014005634992086788,0.0020489725266201043
501,1076.7,1248.0,22.0,15.0,16.0,272.0,0.0041814900625412954,0.0024139519926264967,0.0026664574311857535,0.003087299828784515
502,1078.0,1248.0,15.0,16.0,17.0,280.0,0.0023735511224570152,0.0026260565610162724,0.0028785619995755295,0.002626056561016273
503,1079.3,1120.0,16.0,14.0,12.0,276.0,0.0029486863670839867,0.002385959961151928,0.0018232335552198695,0.002385959961151928
504,1080.6,1104.0,15.0,11.0,12.0,268.0,0.002751650570456182,0.0016098868482751934,0.0018953277788204405,0.002085621732517272
505,1081.9,1104.0,15.0,10.0,12.0,272.0,0.0027288152960125616,0.0013016106432863265,0.0018724925043768206,0.001967639481225236
506,1083.2,1136.0,16.0,16.0,12.0,244.0,0.0030846917913909463,0.0030846917913909463,0.001975090427581253,0.0027148246701210487
507,1084.5,1040.0,16.0,9.0,15.0,248.0,0.0033451920500330366,0.001224146366135278,0.003042185523761928,0.0025371746466434143
508,1085.8,1040.0,13.0,13.0,13.0,244.0,0.0024604129933214008,0.0024604129933214008,0.0024604129933214008,0.0024604129933214008
509,1087.0,1008.0,15.0,9.0,9.0,244.0,0.0031637729044624624,0.0012880182180222673,0.0012880182180222673,0.001913269780168999
510,1088.3,912.0,13.0,11.0,12.0,220.0,0.00297159031904473,0.002280522802987816,0.002626056561016273,0.0026260565610162732
