,Wavelength,Reference,Raw_Irr_000,Raw_Irr_001,Raw_Irr_002,Raw_Irr_003,Irr_000,Irr_001,Irr_002,Irr_003,Avg_Irr
0,286.9,925.58,973.19,867.4,877.98,830.38,0.0009731900000000001,0.0008673999999999999,0.00087798,0.00083038,0.0008872375
1,288.76,3504.07,3642.65,2929.96,3147.73,3048.74,0.00364265,0.00292996,0.00314773,0.00304874,0.0031922699999999997
2,290.62,3656.21,3957.31,3527.17,3011.0,3161.55,0.00395731,0.00352717,0.003011,0.0031615500000000004,0.0034142575
3,292.47,3594.17,3813.33,3528.42,3396.93,3331.18,0.0038133299999999998,0.00352842,0.00339693,0.00333118,0.0035174649999999996
4,294.32,4085.68,4272.45,3478.66,3828.86,3502.01,0.00427245,0.0034786599999999997,0.0038288600000000003,0.0035020100000000003,0.003770495
5,296.16,4061.2,4277.48,3868.95,3917.02,3676.71,0.004277479999999999,0.00386895,0.00391702,0.00367671,0.00393504
6,298.0,4316.97,4704.72,4187.72,3851.67,4084.32,0.00470472,0.004187720000000001,0.00385167,0.00408432,0.0042071075000000005
7,299.84,4663.26,5051.86,4191.38,4635.5,4496.71,0.00505186,0.00419138,0.0046355,0.00449671,0.0045938625
8,301.68,4557.76,5561.04,4615.09,4299.78,4242.45,0.00556104,0.0046150900000000005,0.00429978,0.00424245,0.00467959
9,303.51,5005.85,5325.99,4773.02,4831.22,4714.81,0.00532599,0.00477302,0.004831220000000001,0.004714810000000001,0.004911260000000001
10,305.33,5569.43,6205.94,5251.18,5187.53,4805.62,0.006205939999999999,0.00525118,0.00518753,0.00480562,0.0053625675
11,307.16,5613.86,6070.8,5744.42,5287.47,5156.92,0.0060708,0.00574442,0.00528747,0.00515692,0.0055649025
12,308.98,6213.47,6595.31,5866.35,5831.64,5692.79,0.00659531,0.00586635,0.00583164,0.00569279,0.0059965224999999995
13,310.8,6740.25,7320.06,6269.16,6087.97,5979.25,0.007320060000000001,0.00626916,0.00608797,0.00597925,0.006414110000000001
14,312.61,7378.55,7378.55,6721.82,6644.56,6412.77,0.00737855,0.00672182,0.006644560000000001,0.006412770000000001,0.006789425000000001
15,314.42,7245.11,7563.58,6966.45,6847.03,6807.22,0.00756358,0.00696645,0.00684703,0.00680722,0.00704607
16,316.23,8249.07,8637.77,7730.81,7514.86,6996.6,0.008637770000000001,0.00773081,0.00751486,0.0069966,0.007720009999999999
17,318.04,8119.58,9279.51,8476.48,7673.44,7941.12,0.00927951,0.00847648,0.007673439999999999,0.00794112,0.0083426375
18,319.84,8636.91,9035.53,8238.28,8061.11,7706.78,0.00903553,0.00823828,0.00806111,0.00770678,0.008260425
19,321.64,9469.08,10541.93,8862.69,8955.98,8396.23,0.01054193,0.008862690000000001,0.008955979999999999,0.00839623,0.0091892075
20,323.43,10388.38,11473.73,9871.54,9664.81,9613.12,0.01147373,0.009871540000000002,0.00966481,0.009613120000000001,0.0101558
21,325.23,10725.06,12617.72,10672.49,10251.9,9936.46,0.012617719999999999,0.01067249,0.0102519,0.00993646,0.0108696425
22,327.02,11650.88,12843.06,11325.74,10946.41,10729.65,0.01284306,0.011325739999999999,0.01094641,0.01072965,0.011461214999999999
23,328.81,12655.69,14137.88,12028.6,11971.6,11971.6,0.014137879999999999,0.0120286,0.0119716,0.0119716,0.01252742
24,330.59,13398.33,14318.39,12938.3,12535.78,12248.26,0.01431839,0.0129383,0.01253578,0.01224826,0.013010182499999998
25,332.37,14455.11,15462.23,13921.93,13507.23,13033.29,0.01546223,0.01392193,0.01350723,0.013033290000000001,0.013981170000000001
26,334.15,15693.92,16774.07,15439.77,14995.0,14740.85,0.01677407,0.01543977,0.014995,0.01474085,0.0154874225
27,335.93,16832.05,18502.41,15868.39,16125.36,15932.63,0.01850241,0.01586839,0.016125360000000002,0.01593263,0.0166071975
28,337.71,19206.9,20012.78,17930.92,17729.45,17259.35,0.020012779999999997,0.01793092,0.01772945,0.01725935,0.018233125
29,339.48,20393.03,22787.94,20393.03,19086.71,19522.15,0.02278794,0.02039303,0.01908671,0.019522150000000002,0.020447457500000002
30,341.25,22467.64,24150.88,22028.53,22174.9,20857.58,0.02415088,0.022028529999999998,0.0221749,0.02085758,0.0223029725
31,343.02,23200.19,25262.43,22169.07,22095.42,22095.42,0.02526243,0.02216907,0.022095419999999998,0.022095419999999998,0.022905585
32,344.78,26229.45,28852.39,25920.87,24917.98,23452.21,0.02885239,0.02592087,0.02491798,0.023452209999999998,0.0257858625
33,346.54,26964.63,30002.9,26129.11,25217.63,25293.59,0.030002900000000002,0.02612911,0.02521763,0.02529359,0.0266608075
34,348.3,29032.24,31029.16,29109.04,27342.53,27035.31,0.03102916,0.02910904,0.02734253,0.02703531,0.028629010000000003
35,350.06,32927.91,35692.23,31464.45,31057.93,31301.84,0.035692230000000005,0.03146445,0.03105793,0.03130184,0.0323791125
36,351.82,34394.93,37240.84,33500.5,32687.38,31792.95,0.03724084,0.0335005,0.03268738,0.03179295,0.033805417500000004
37,353.57,38163.36,41470.85,36976.06,35703.95,35195.1,0.04147085,0.03697606,0.03570395,0.0351951,0.03733649
38,355.32,42870.61,45178.34,40917.91,39941.56,38876.45,0.04517834,0.04091791,0.03994156,0.03887645,0.041228565
39,357.07,45040.62,49343.28,45498.35,43850.52,41928.06,0.049343279999999996,0.04549835,0.04385052,0.041928059999999996,0.045155052499999994
40,358.82,49577.73,54317.47,48819.37,47397.45,47207.86,0.05431747,0.04881937,0.047397449999999994,0.04720786,0.0494355375
41,360.57,53877.26,57732.52,52527.92,51178.58,50889.43,0.057732519999999996,0.05252792,0.05117858,0.05088943,0.0530821125
42,362.31,59059.33,64546.26,58161.47,56365.74,55866.93,0.06454626000000001,0.05816147,0.05636574,0.05586693,0.058735100000000005
43,364.05,61631.19,66463.08,59856.21,58672.89,56700.7,0.06646308000000001,0.05985621,0.05867289,0.0567007,0.06042322
44,365.79,65279.66,70846.14,65077.24,61939.77,62749.44,0.07084614,0.06507724,0.06193977,0.06274944,0.0651531475
45,367.53,70904.9,75701.41,68819.47,67255.39,65065.68,0.07570141,0.06881947000000001,0.06725539,0.06506568,0.0692104875
46,369.27,71880.32,77647.22,70026.67,67040.24,66216.4,0.07764722,0.07002667,0.06704024,0.0662164,0.0702326325
47,371.0,75495.98,81594.54,74129.06,71184.93,70659.19,0.08159454,0.07412906,0.07118493,0.07065919,0.07439193
48,372.73,82959.14,89918.43,79866.12,78651.01,77435.89,0.08991843,0.07986612,0.07865101,0.07743589,0.08146786249999999
49,374.46,87213.61,94279.02,85005.67,82356.14,79817.01,0.09427902,0.08500566999999999,0.08235614,0.07981701,0.08536446
50,376.19,91247.12,98970.58,89371.42,87054.39,86392.37,0.09897058,0.08937142,0.08705439,0.08639237,0.09044719
51,377.92,98858.47,105784.15,96512.68,92603.02,91597.68,0.10578415,0.09651267999999999,0.09260302000000001,0.09159767999999999,0.0966243825
52,379.64,103685.95,110946.23,101303.66,97219.75,98240.73,0.11094622999999999,0.10130366,0.09721975,0.09824073,0.1019275925
53,381.37,103755.29,112566.78,101772.7,98137.96,95824.95,0.11256678,0.1017727,0.09813796000000001,0.09582494999999999,0.1020755975
54,383.09,111223.97,119771.12,107560.9,103786.84,103231.83,0.11977112,0.1075609,0.10378683999999999,0.10323183,0.10858767250000001
55,384.81,119121.05,127495.88,114933.63,111737.97,110636.01,0.12749588,0.11493363000000001,0.11173797,0.11063600999999999,0.11620087250000001
56,386.53,128844.94,138874.79,125758.84,120688.81,119586.62,0.13887479,0.12575883999999998,0.12068881,0.11958661999999999,0.12622726499999998
57,388.25,138967.19,149042.04,136557.99,131301.54,130754.0,0.14904204000000001,0.13655799,0.13130154,0.130754,0.1369138925
58,389.96,151237.75,162954.87,147766.01,143426.33,140605.54,0.16295487,0.14776601,0.14342633,0.14060554,0.14868818749999999
59,391.68,164320.09,177539.99,161260.94,155251.89,153503.81,0.17753998999999998,0.16126094,0.15525189,0.15350381,0.1618891575
60,393.39,176709.27,189704.16,172022.58,166377.26,163075.28,0.18970416,0.17202257999999998,0.16637726,0.16307528,0.17279482000000002
61,395.1,197024.87,211242.06,191295.55,186521.12,184186.95,0.21124206,0.19129554999999998,0.18652111999999998,0.18418695000000002,0.19331142
62,396.81,212441.47,224884.03,205710.24,198877.03,196531.3,0.22488403,0.20571024,0.19887703,0.1965313,0.20650065
63,398.52,235003.45,252747.17,228954.46,220788.31,218671.17,0.25274717,0.22895446,0.22078831,0.21867117000000003,0.2302902775
64,400.23,246573.61,263420.86,239464.66,231479.26,229531.6,0.26342086,0.23946466,0.23147926000000002,0.2295316,0.240974095
65,401.93,260128.42,277970.81,252035.96,244528.51,241993.53,0.27797081,0.25203596,0.24452851,0.24199353,0.2541322025
66,403.64,264883.01,282170.51,256623.42,248844.04,246058.84,0.28217051,0.25662342,0.24884404000000002,0.24605884,0.2584242025
67,405.34,268835.71,288024.75,260895.41,253049.64,250497.41,0.28802475,0.26089541,0.25304964,0.25049741,0.26311680249999997
68,407.04,278028.19,297867.2,269660.08,261574.04,258941.37,0.2978672,0.26966008,0.26157404,0.25894137,0.2720106725
69,408.74,288457.29,307712.46,278644.56,271053.58,267628.38,0.30771246,0.27864456,0.27105358,0.26762838,0.281259745
70,410.44,295749.16,315314.8,287053.32,278629.22,276002.36,0.3153148,0.28705332,0.27862921999999996,0.27600236,0.289249925
71,412.14,305757.68,326401.42,296720.51,287949.14,284316.55,0.32640142,0.29672051,0.28794914,0.28431655,0.298846905
72,413.84,312757.13,333676.76,302815.98,293825.73,291318.83,0.33367676,0.30281598,0.29382573,0.29131883000000003,0.305409325
73,415.53,318192.02,339146.74,308429.98,299172.87,296227.43,0.33914674,0.30842998,0.29917287,0.29622743,0.310744255
74,417.23,321357.11,342300.96,311294.25,302294.94,299104.28,0.34230096000000004,0.31129425,0.30229494,0.29910428000000006,0.3137486075
75,418.92,322841.64,344020.69,311974.49,302852.43,299996.83,0.34402069,0.31197449,0.30285243,0.29999683,0.31471111
76,420.61,322743.94,343113.15,311942.09,302837.67,299674.27,0.34311315000000003,0.31194209,0.30283767,0.29967427,0.31439179500000003
77,422.3,319453.9,339007.66,307858.06,299521.19,295807.49,0.33900766,0.30785806,0.29952119,0.29580749,0.3105486
78,423.99,316418.17,337492.85,306290.4,297875.42,294598.79,0.33749284999999996,0.3062904,0.29787542,0.29459879,0.309064365
79,425.68,316095.5,336312.62,305249.08,296616.22,293886.17,0.33631262,0.30524908,0.29661622,0.29388617,0.3080160225
80,427.37,313615.06,334600.45,302758.03,294305.58,290953.75,0.33460045,0.30275803,0.29430558,0.29095375,0.3056544525
81,429.06,314346.34,334774.49,303514.33,294645.17,291955.34,0.33477449,0.30351433,0.29464516999999996,0.29195534,0.30622233249999997
82,430.74,329978.93,350082.84,317902.12,308934.91,305825.31,0.35008284,0.31790212,0.30893490999999995,0.30582531,0.320686295
83,432.43,349750.08,371332.53,337815.41,328239.09,324951.7,0.37133253000000005,0.33781541,0.32823909,0.3249517,0.3405846825
84,434.11,362705.46,385511.35,349149.02,340323.21,337145.92,0.38551135,0.34914902000000003,0.34032321000000004,0.33714592,0.353032375
85,435.79,375747.18,398354.23,361989.37,351895.7,348024.16,0.39835423,0.36198937,0.35189570000000003,0.34802415999999997,0.365065865
86,437.47,380429.33,402934.74,365628.47,355963.98,352179.29,0.40293474,0.36562847,0.35596397999999996,0.35217929,0.36917661999999996
87,439.15,390238.19,413460.39,375304.93,366095.0,361687.38,0.41346039,0.37530493,0.366095,0.36168738,0.379136925
88,440.83,406087.88,430171.85,390160.35,380590.98,376416.43,0.43017184999999997,0.39016035,0.38059097999999997,0.37641642999999997,0.3943349025
89,442.51,416389.72,440853.86,400038.68,389616.46,385809.54,0.44085386,0.40003868,0.38961646,0.38580954,0.404079635
90,444.19,422088.02,447002.3,405842.21,394930.84,390687.53,0.44700229999999996,0.40584221000000004,0.39493084,0.39068753,0.40961572
91,445.86,430359.24,455611.73,413820.64,403269.13,399060.39,0.45561173,0.41382064,0.40326913000000003,0.39906039,0.4179404725
92,447.54,438906.69,464278.35,421065.42,410928.34,406236.32,0.46427834999999995,0.42106541999999997,0.41092834,0.40623632,0.4256271075
93,449.21,441645.24,468828.66,425153.21,414575.56,409571.08,0.46882865999999995,0.42515321,0.41457556,0.40957108000000003,0.4295321275
94,450.89,441585.77,468232.21,424705.92,414036.05,409914.89,0.46823221000000004,0.42470591999999996,0.41403605,0.40991489000000003,0.42922226750000003
95,452.56,438030.29,463730.47,421685.87,411033.83,406130.5,0.46373046999999995,0.42168587,0.41103383,0.4061305,0.4256451675
96,454.23,440610.97,466269.49,423113.99,412604.62,408523.85,0.46626949,0.42311399,0.41260462,0.40852384999999997,0.4276279875
97,455.9,450155.57,476664.98,431884.81,421404.35,416472.36,0.47666497999999996,0.43188481,0.42140435,0.41647236,0.43660662499999997
98,457.57,451934.67,478309.58,433461.1,422777.59,418771.28,0.47830958,0.4334611,0.42277759000000004,0.41877128,0.4383298875
99,459.24,454221.59,479904.29,434959.57,424368.2,420032.87,0.47990428999999996,0.43495957,0.42436820000000003,0.42003287,0.4398162325
100,460.91,458724.84,484993.28,439699.13,429375.53,424889.35,0.48499328,0.43969913,0.42937553,0.42488935,0.4447393225
101,462.58,459224.57,485253.49,439888.8,429530.35,424590.16,0.48525349,0.43988879999999997,0.42953034999999995,0.42459016,0.4448157
102,464.24,455482.79,482160.11,436938.17,426837.05,422123.2,0.48216011,0.43693816999999996,0.42683705,0.42212320000000003,0.44201463249999995
103,465.91,456517.63,482797.1,437235.95,426261.0,422837.63,0.4827971,0.43723595,0.426261,0.42283763,0.44228292
104,467.57,460780.49,486525.69,440545.16,430598.15,425917.21,0.48652569,0.44054516,0.43059815,0.42591721000000005,0.44589655250000004
105,469.24,464006.54,490249.65,444288.75,433413.22,429346.72,0.49024965000000004,0.44428875,0.43341322,0.42934671999999996,0.44932458500000005
106,470.9,469679.08,495701.1,448513.29,438709.22,433211.61,0.49570109999999995,0.44851328999999995,0.43870921999999996,0.43321160999999997,0.454033805
107,472.56,472990.1,499443.88,452086.69,441612.6,437718.39,0.49944388,0.45208669,0.44161259999999997,0.43771839,0.45771539000000006
108,474.22,474327.26,500695.84,453881.74,443439.61,438043.05,0.50069584,0.45388174,0.44343961,0.43804305,0.45901506000000003
109,475.88,472714.84,498796.85,451512.41,441321.43,436614.57,0.49879684999999996,0.45151241,0.44132143,0.43661457,0.45706131499999997
110,477.54,476029.74,502193.73,454814.53,444701.8,439322.69,0.50219373,0.45481453000000005,0.4447018,0.43932269,0.4602581875
111,479.2,474310.86,500346.71,453248.64,442998.65,438414.26,0.50034671,0.45324864000000004,0.44299865000000005,0.43841426,0.45875206500000004
112,480.86,467213.33,492845.32,446277.6,436490.05,431881.55,0.49284532000000003,0.4462776,0.43649004999999996,0.43188155,0.45187362999999997
113,482.52,449624.2,473692.11,429745.89,419628.45,415795.41,0.47369211,0.42974589,0.41962845,0.41579541,0.434715465
114,484.17,433597.32,457678.48,414786.74,405199.71,401019.59,0.45767848,0.41478674,0.40519971000000005,0.40101959000000004,0.41967113
115,485.83,427997.04,451302.9,409029.31,399660.81,395322.69,0.4513029,0.40902931,0.39966081,0.39532269,0.4138289275
116,487.49,447872.92,472178.27,427447.07,417584.7,413191.04,0.47217827,0.42744707,0.41758470000000003,0.41319103999999995,0.43260027
117,489.14,457606.75,483071.03,436503.75,426983.95,422669.56,0.48307103,0.43650375,0.42698395,0.42266956,0.4423070725
118,490.79,460302.81,485012.67,438996.38,429019.19,424683.31,0.48501267,0.43899638,0.42901919,0.42468331,0.4444278875
119,492.45,466732.1,491393.63,445239.37,435411.5,430727.18,0.49139363,0.44523936999999997,0.4354115,0.43072718,0.45069292000000005
120,494.1,472439.12,498239.52,451036.0,440805.57,436318.55,0.49823952,0.451036,0.44080557,0.43631854999999997,0.45659991
121,495.75,472087.02,496798.37,450077.79,440053.79,435303.28,0.49679837,0.45007779,0.44005379,0.43530328,0.4555583075
122,497.4,463999.19,488963.04,442024.27,432341.84,428216.28,0.48896303999999996,0.44202427,0.43234184000000003,0.42821628,0.4478863575
123,499.05,457889.41,481380.28,435656.25,426487.1,422227.1,0.48138028000000005,0.43565625,0.42648709999999995,0.42222709999999997,0.4414376825
124,500.7,453909.33,477492.59,432594.45,422973.41,418280.23,0.47749259000000005,0.43259445,0.42297341,0.41828023,0.43783517
125,502.35,459405.4,482766.92,436988.93,427689.68,423077.86,0.48276692,0.43698893,0.42768968,0.42307786,0.44263084750000004
126,503.99,463621.87,487988.21,440872.61,431831.71,427384.76,0.48798821000000003,0.44087261,0.43183171000000004,0.42738476000000003,0.44701932250000004
127,505.64,464438.19,488923.88,441711.74,433095.08,428212.3,0.48892388,0.44171173999999996,0.43309508,0.4282123,0.44798574999999996
128,507.29,461146.1,484922.34,438288.4,429420.88,424757.49,0.48492234,0.4382884,0.42942088,0.42475749,0.44434727749999997
129,508.93,461710.43,485510.66,438923.72,430186.49,425713.03,0.48551066,0.43892371999999996,0.43018649,0.42571303000000005,0.44508347499999995
130,510.58,458327.8,481612.49,435636.58,426525.18,422301.12,0.48161249,0.43563658,0.42652518,0.42230112,0.4415188425
131,512.22,448436.19,471509.46,426521.85,418163.5,413422.41,0.47150946000000005,0.42652185,0.4181635,0.41342240999999996,0.432404305
132,513.86,435169.56,457118.05,413824.84,405265.64,401003.8,0.45711805,0.41382484,0.40526564000000004,0.40100379999999997,0.41930308250000004
133,515.51,416835.08,438328.87,396172.14,388513.85,384323.46,0.43832887,0.39617214,0.38851385,0.38432346,0.40183458
134,517.15,414282.24,435534.09,393877.51,386106.04,381980.89,0.43553409000000004,0.39387751,0.38610604,0.38198089,0.39937463250000005
135,518.79,433929.14,455972.37,412373.27,404088.31,399252.3,0.45597237,0.41237327,0.40408831,0.3992523,0.4179215625
136,520.43,445274.8,467266.5,422522.15,414265.75,410156.57,0.4672665,0.42252215000000004,0.41426575,0.41015657,0.42855274250000003
137,522.07,451660.95,474574.07,428978.11,420764.7,416043.91,0.47457407,0.42897810999999997,0.4207647,0.41604390999999996,0.4350901975
138,523.71,453478.54,475910.07,430700.73,422351.43,417965.16,0.47591007,0.43070073,0.42235142999999997,0.41796515999999995,0.43673184749999994
139,525.34,443137.96,465608.76,421011.69,412743.05,408647.01,0.46560876,0.42101169,0.41274305,0.40864701000000003,0.42700262750000006
140,526.98,454936.85,477556.97,431408.89,423389.72,418510.13,0.47755696999999997,0.43140889,0.42338971999999997,0.41851013,0.43771642749999995
141,528.62,472290.63,495640.16,448199.84,439453.03,434709.0,0.49564016,0.44819984,0.43945303,0.434709,0.4545005075
142,530.25,470130.88,493343.21,446160.45,437713.04,433128.33,0.49334321000000003,0.44616045,0.43771304,0.43312833,0.4525862575
143,531.89,463016.01,485851.11,439444.28,431306.43,426535.96,0.48585111,0.43944428,0.43130643,0.42653596000000005,0.44578444500000003
144,533.52,470364.87,493265.51,446171.18,437732.31,433172.6,0.49326551,0.44617118,0.43773231,0.43317259999999996,0.45258539999999997
145,535.16,471129.03,494069.88,446504.76,438318.67,433631.48,0.49406988,0.44650476,0.43831866999999997,0.43363147999999996,0.45313119749999997
146,536.79,466485.47,488815.34,442099.32,433906.35,429151.21,0.48881534000000004,0.44209932,0.43390635,0.42915121,0.44849305500000003
147,538.42,455802.32,477741.51,432108.0,424491.96,419445.95,0.47774151000000004,0.432108,0.42449196,0.41944595,0.438446855
148,540.05,450933.28,472415.08,427085.11,419186.94,414454.19,0.47241508000000004,0.42708511,0.41918694,0.41445419,0.43328533
149,541.68,455642.3,477076.8,431085.09,422929.67,419139.98,0.47707679999999997,0.43108509,0.42292967,0.41913997999999997,0.437557885
150,543.31,458946.68,480326.55,434473.93,426726.72,422192.51,0.48032654999999996,0.43447393,0.42672671999999995,0.42219251,0.44092992750000004
151,544.94,457475.11,479423.39,433164.55,425479.66,420545.78,0.47942339,0.43316455,0.42547966,0.42054578000000004,0.43965334500000003
152,546.57,453327.4,474762.1,429471.21,421668.62,417333.85,0.47476209999999996,0.42947121000000005,0.42166862,0.41733384999999995,0.43580894499999995
153,548.2,453980.6,476000.71,430278.2,422137.07,418111.57,0.47600071,0.4302782,0.42213707,0.41811157,0.4366318875
154,549.83,453208.96,474684.9,428942.37,421389.39,416839.4,0.4746849,0.42894237,0.42138939000000003,0.4168394,0.43546401500000004
155,551.45,451520.49,473078.66,428022.08,420199.55,415518.35,0.47307866,0.42802208,0.42019955,0.41551835,0.43420465999999996
156,553.08,453090.97,474376.7,428979.69,420942.6,416578.72,0.4743767,0.42897969,0.4209426,0.41657871999999996,0.4352194275
157,554.7,451187.93,472768.98,427336.87,419631.63,415251.48,0.47276898,0.42733687,0.41963163,0.41525148,0.43374724
158,556.33,442721.16,463475.76,419197.12,411866.22,406881.21,0.46347576,0.41919712,0.41186621999999995,0.40688121000000005,0.4253550775
159,557.95,435957.97,456419.88,412714.82,405331.32,401192.58,0.45641988,0.41271482,0.40533132,0.40119258,0.41891465
160,559.58,441187.29,461733.44,417110.3,409914.11,405206.32,0.46173344,0.4171103,0.40991411,0.40520632,0.4234910425
161,561.2,445365.39,465989.49,421049.95,413362.48,409434.08,0.46598949,0.42104995,0.41336248,0.40943408000000003,0.42745900000000003
162,562.82,447602.6,468459.24,423484.98,416011.92,411901.73,0.46845924,0.42348497999999996,0.41601192,0.41190172999999997,0.42996446749999995
163,564.44,444771.2,465298.58,420388.59,413523.59,409093.46,0.46529858,0.42038859,0.41352359000000005,0.40909346,0.427076055
164,566.06,445012.8,465561.64,420715.65,413252.47,409035.61,0.46556164,0.42071565,0.41325247,0.40903561,0.4271413425
165,567.68,442750.27,462633.57,418077.8,411306.9,406385.62,0.46263357,0.4180778,0.41130690000000003,0.40638562,0.4246009725
166,569.3,437662.77,457964.21,413411.13,406546.85,402370.0,0.45796421000000004,0.41341113,0.40654684999999996,0.40237,0.42007304749999996
167,570.92,442057.91,462339.56,417574.6,409992.68,405696.25,0.46233956,0.41757459999999996,0.40999268,0.40569625,0.4239007725
168,572.53,450626.12,471727.52,425421.66,418418.7,413945.45,0.47172752,0.42542166,0.41841870000000003,0.41394545,0.4323783325
169,574.15,447288.86,467590.18,422279.54,415022.64,410434.6,0.46759017999999997,0.42227953999999995,0.41502264,0.4104346,0.4288317399999999
170,575.77,444688.7,465299.36,420171.65,412941.88,408802.26,0.46529936,0.42017165,0.41294188,0.40880226000000003,0.42680378750000003
171,577.38,443093.44,463160.62,418377.94,411093.67,406757.12,0.46316062,0.41837794,0.41109366999999997,0.40675711999999997,0.42484733750000003
172,578.99,444900.84,465537.3,420446.93,413503.56,409105.18,0.4655373,0.42044693,0.41350356,0.40910518,0.42714824250000005
173,580.61,450181.16,470407.63,425189.15,417851.3,413221.14,0.47040763,0.42518915,0.4178513,0.41322114,0.43166730499999995
174,582.22,453135.12,473738.23,427627.78,420484.66,416220.11,0.47373823,0.42762778,0.42048465999999995,0.41622011,0.434517695
175,583.83,448884.32,468663.25,423390.3,416411.05,412144.49,0.46866325,0.4233903,0.41641105,0.41214449,0.4301522725
176,585.44,438912.4,458321.25,414291.19,407716.8,403394.99,0.45832125,0.41429119,0.4077168,0.40339499,0.4209310575
177,587.05,422759.34,441635.79,399072.27,392300.8,388274.52,0.44163579,0.39907227,0.3923008,0.38827452,0.405320845
178,588.66,390152.43,408290.5,368518.19,362051.57,358581.68,0.4082905,0.36851819,0.36205157,0.35858168,0.37436048499999997
179,590.27,398948.63,416807.24,376359.61,370433.32,366234.42,0.41680723999999997,0.37635961,0.37043332,0.36623442,0.3824586475
180,591.88,407556.51,426212.93,384694.31,378439.55,374072.01,0.42621293,0.38469431,0.37843955,0.37407201,0.3908547
181,593.49,407603.9,426061.43,384586.91,378077.34,373984.82,0.42606143,0.38458690999999995,0.37807734000000004,0.37398482,0.39067762500000003
182,595.1,409384.92,427953.87,386194.75,380005.11,375663.95,0.42795387,0.38619475,0.38000511,0.37566395,0.39245442
183,596.7,413975.3,433078.33,390840.04,384663.01,380373.4,0.43307833,0.39084004,0.38466301,0.38037340000000003,0.39723869500000003
184,598.31,416205.89,434746.1,392439.38,386132.79,381870.0,0.43474609999999997,0.39243938,0.38613279,0.38187,0.3987970675
185,599.91,418667.89,437192.49,394833.5,388002.37,383676.98,0.43719249,0.3948335,0.38800237,0.38367698,0.40092633499999997
186,601.52,419876.12,437893.82,395447.41,389309.84,385177.62,0.43789382,0.39544741,0.38930984,0.38517762,0.40195717249999996
187,603.12,427200.03,446234.0,402859.99,396721.0,392340.41,0.446234,0.40285999,0.396721,0.39234041,0.40953885
188,604.72,429860.04,448656.86,405661.49,398917.11,394576.99,0.44865686,0.40566149,0.39891710999999996,0.39457699,0.4119531125
189,606.32,429175.64,448137.23,404976.73,398225.02,394028.86,0.44813723,0.40497673,0.39822502000000004,0.39402886,0.41134195999999995
190,607.93,426116.83,445399.29,401284.33,395353.71,391103.96,0.44539929,0.40128433,0.39535371,0.39110396000000003,0.40828532250000005
191,609.53,423734.84,442439.77,399408.91,392930.47,388770.29,0.44243977,0.39940890999999995,0.39293047,0.38877028999999996,0.40588736000000003
192,611.13,422891.72,441823.39,398926.38,392499.74,388384.16,0.44182339000000004,0.39892638,0.39249974,0.38838416,0.4054084175
193,612.72,420134.91,438277.24,396018.5,389729.99,385359.48,0.43827724,0.3960185,0.38972998999999997,0.38535948,0.4023463025
194,614.32,417668.84,436329.52,393649.85,387419.24,383493.96,0.43632952,0.39364984999999997,0.38741924,0.38349396,0.4002231425
195,615.92,414641.25,432829.43,390769.27,384501.72,380507.7,0.43282943,0.39076927,0.38450172,0.3805077,0.39715203
196,617.52,419467.43,438067.48,395824.83,389574.49,385377.4,0.43806748,0.39582483,0.38957449,0.38537740000000004,0.40221105
197,619.11,425016.87,443139.81,400241.96,394033.45,389894.44,0.44313981,0.40024196,0.39403345,0.38989444,0.40682741499999997
198,620.71,425248.27,443837.88,400124.83,394198.12,389572.4,0.44383788,0.40012483000000004,0.39419812,0.38957240000000004,0.4069333075
199,622.3,420255.88,438702.01,395802.06,389935.4,385620.03,0.43870201000000003,0.39580206,0.38993540000000004,0.38562003,0.40251487500000005
200,623.9,414921.5,432475.45,390774.52,384675.97,380445.44,0.43247545000000004,0.39077452,0.38467597,0.38044544,0.39709284499999997
201,625.49,411797.71,429266.94,387453.14,381514.14,377474.55,0.42926694,0.38745314000000003,0.38151414,0.37747454999999996,0.39392719249999997
202,627.08,407710.83,425774.96,384104.59,378457.92,373830.78,0.42577496000000004,0.38410459,0.37845792,0.37383078000000003,0.3905420625
203,628.67,404802.23,421994.6,380845.64,375106.31,371006.79,0.4219946,0.38084564000000004,0.37510631,0.37100679,0.38723833500000004
204,630.26,403616.15,420422.98,379920.04,373813.06,370002.5,0.42042298,0.37992003999999996,0.37381306,0.3700025,0.386039645
205,631.85,403399.31,421165.15,379819.65,374055.73,369913.7,0.42116515000000004,0.37981965,0.37405573,0.3699137,0.3862385575
206,633.44,404862.28,422492.98,381338.17,375543.81,371854.24,0.42249297999999996,0.38133817,0.37554381,0.37185424,0.38780729999999997
207,635.03,405569.15,422943.98,382147.67,376273.79,372127.52,0.42294398,0.38214767,0.37627379,0.37212752000000004,0.38837324
208,636.62,407766.93,425140.28,383894.03,377864.02,373662.79,0.42514028000000004,0.38389403000000005,0.37786402,0.37366278999999997,0.39014028000000006
209,638.2,407653.17,425056.64,383794.79,378010.18,373963.44,0.42505664000000004,0.38379479,0.37801018,0.37396344,0.3902062625
210,639.79,402767.56,420124.78,379407.84,373530.39,369703.8,0.42012478000000003,0.37940784000000005,0.37353039,0.36970379999999997,0.3856917025
211,641.38,400573.79,417948.26,377534.29,371768.09,367721.63,0.41794826,0.37753429,0.37176809000000005,0.36772163,0.3837430675
212,642.96,400703.01,417522.89,376832.1,371037.45,367217.08,0.41752289000000004,0.3768321,0.37103745,0.36721708000000003,0.38315238
213,644.54,395870.96,413216.36,372847.94,367508.89,363081.39,0.41321636,0.37284794,0.36750889000000003,0.36308139,0.37916364500000005
214,646.13,385300.53,402148.32,362624.88,357141.4,353406.28,0.40214832,0.36262488,0.3571414,0.35340628,0.36883022
215,647.71,377352.85,393944.52,355374.26,350068.16,345974.11,0.39394452,0.35537426,0.35006815999999996,0.34597411,0.3613402625
216,649.29,377656.1,393605.67,355310.23,350012.01,346086.39,0.39360566999999996,0.35531023,0.35001201,0.34608639,0.361253575
217,650.87,381196.27,397547.63,358779.54,352993.68,349052.58,0.39754763,0.35877953999999995,0.35299368,0.34905258,0.3645933575
218,652.45,384370.59,400586.35,361270.23,356234.81,352508.03,0.40058635,0.36127022999999997,0.35623481,0.35250803,0.367649855
219,654.03,375891.82,392163.44,354225.17,348483.94,344704.54,0.39216344000000003,0.35422517,0.34848394,0.34470454,0.3598942725
220,655.61,354780.04,370115.09,333807.53,328900.31,325424.37,0.37011509000000004,0.33380753,0.32890031,0.32542437,0.339561825
221,657.19,366332.89,381659.52,344036.94,338898.53,335089.03,0.38165952000000003,0.34403694,0.33889853000000003,0.33508903,0.349921005
222,658.77,380522.99,396950.8,357953.38,352378.06,348651.25,0.3969508,0.35795338,0.35237806,0.34865125,0.3639833725
223,660.34,390813.43,407581.9,367794.35,362204.87,358749.0,0.4075819,0.36779435,0.36220487,0.358749,0.37408253
224,661.92,395598.22,412798.15,372393.42,366750.63,363039.07,0.41279815000000003,0.37239342,0.36675063,0.36303907,0.37874531750000007
225,663.49,396432.48,413267.87,372584.88,367053.68,363335.99,0.41326787,0.37258488,0.36705368,0.36333599,0.379060605
226,665.07,397459.62,414488.43,373848.75,368444.22,364549.33,0.41448843,0.37384875,0.36844422,0.36454933,0.3803326825
227,666.64,397056.87,414096.39,373604.96,368035.5,363941.2,0.41409639000000004,0.37360496000000004,0.3680355,0.3639412,0.3799195125
228,668.21,397938.98,415011.08,374296.07,368775.39,364694.89,0.41501108000000003,0.37429607,0.36877539000000004,0.36469489,0.3806943575
229,669.79,396273.73,413180.93,372884.44,367119.26,363684.05,0.41318093,0.37288444,0.36711926,0.36368405,0.37921717
230,671.36,394692.19,411202.03,370937.01,365473.33,361702.19,0.41120203000000005,0.37093701,0.36547333000000004,0.36170219,0.37732864
231,672.93,394918.62,411341.67,371049.26,365633.77,361689.88,0.41134167,0.37104926,0.36563377,0.36168988,0.37742864500000006
232,674.5,394317.28,410794.64,370623.77,365218.96,360836.68,0.41079464,0.37062377,0.36521896000000004,0.36083668,0.37686851250000003
233,676.07,394096.03,410058.02,370515.16,364779.27,360665.65,0.41005802,0.37051515999999995,0.36477927000000004,0.36066565,0.37650452500000003
234,677.64,393672.79,410016.08,369989.34,364398.21,360728.14,0.41001608,0.36998934,0.36439821,0.36072814000000003,0.3762829425
235,679.21,392382.99,408715.77,368435.79,363453.87,359519.28,0.40871577000000003,0.36843579,0.36345387,0.35951928000000005,0.37503117750000003
236,680.77,391207.77,407629.32,367708.45,362169.32,358140.87,0.40762932,0.36770845,0.36216932,0.35814087,0.37391199
237,682.34,389098.01,405009.49,365410.65,360457.34,356527.89,0.40500948999999997,0.36541065,0.36045734,0.35652789,0.37185134249999996
238,683.9,384418.78,400151.37,361163.11,355864.0,352157.37,0.40015137,0.36116311,0.355864,0.35215736999999997,0.3673339625
239,685.47,362376.35,377922.68,340741.94,335822.56,332425.19,0.37792268,0.34074194,0.33582256,0.33242519,0.3467280925
240,687.03,335435.66,350106.59,315344.04,310813.32,307792.83,0.35010659000000005,0.31534404,0.31081332,0.30779283,0.32101419500000006
241,688.6,336468.93,350763.45,316269.58,311486.92,308066.93,0.35076345000000003,0.31626958,0.31148692,0.30806693,0.32164672
242,690.16,340022.42,354212.12,319334.63,314719.66,311377.79,0.35421212,0.31933463,0.31471965999999996,0.31137779,0.32491105
243,691.72,339135.74,353375.37,318608.48,314117.31,310392.29,0.35337537,0.31860847999999997,0.31411731,0.31039228999999996,0.32412336249999996
244,693.28,332953.89,346909.26,312573.8,307702.59,304516.55,0.34690926,0.3125738,0.30770259,0.30451655,0.31792555
245,694.85,337420.06,351404.61,316772.44,312031.91,308239.49,0.35140461,0.31677244,0.31203190999999997,0.30823949,0.3221121125
246,696.41,347364.51,361729.11,326451.34,321302.27,317869.55,0.36172910999999996,0.32645134000000003,0.32130227,0.31786955,0.33183806749999994
247,697.97,343361.76,357525.93,322248.13,317606.31,314237.68,0.35752593,0.32224813,0.31760631,0.31423768,0.32790451249999997
248,699.52,336673.07,350662.25,316075.66,311412.6,308161.77,0.35066225,0.31607566,0.3114126,0.30816177,0.32157806999999994
249,701.08,334606.42,348600.85,314097.33,309566.57,305893.7,0.34860084999999996,0.31409733,0.30956657,0.3058937,0.3195396125
250,702.64,338345.27,352280.64,317645.16,313153.38,309608.65,0.35228064000000003,0.31764516,0.31315338,0.30960865000000004,0.32317195750000005
251,704.2,339108.09,353355.18,318422.41,313764.71,310394.73,0.35335518,0.31842241,0.31376471,0.31039473,0.32398425750000004
252,705.75,339280.22,353565.7,318583.14,314055.65,310231.19,0.35356570000000004,0.31858314,0.31405565,0.31023119,0.32410892
253,707.31,343155.48,357982.46,322772.03,318005.17,314057.16,0.35798246,0.32277203000000004,0.31800517,0.31405716,0.32820420499999997
254,708.86,347455.81,362321.21,326340.89,321729.58,317937.39,0.36232121,0.32634089,0.32172958,0.31793739,0.3320822675
255,710.42,349935.51,365064.3,329012.05,324000.44,320680.25,0.3650643,0.32901205,0.32400044,0.32068025,0.33468926
256,711.97,349863.89,364148.63,328998.53,323541.44,320202.98,0.36414863000000003,0.32899853,0.32354144,0.32020297999999997,0.334222895
257,713.52,346077.12,360296.78,324763.98,320187.53,316853.27,0.36029678000000004,0.32476398,0.32018753000000005,0.31685327,0.33052539000000003
258,715.08,325541.23,339337.03,306055.07,301456.47,298313.54,0.33933703000000004,0.30605507,0.30145647,0.29831354,0.31129052749999997
259,716.63,283999.9,296125.52,266997.32,263089.06,260149.52,0.29612552000000003,0.26699732,0.26308906,0.26014951999999997,0.271590355
260,718.18,254923.31,265625.3,238954.74,235274.87,232742.86,0.2656253,0.23895474,0.23527487,0.23274286,0.2431494425
261,719.73,255063.02,265970.99,238820.0,235455.86,232703.38,0.26597099,0.23882,0.23545586,0.23270338000000002,0.2432375575
262,721.28,268579.52,279845.73,251919.19,248197.93,245603.29,0.27984572999999996,0.25191919,0.24819792999999998,0.24560329,0.256391535
263,722.83,256554.02,267429.34,240776.17,237151.06,234285.5,0.26742934,0.24077617,0.23715106,0.2342855,0.2449105175
264,724.38,252085.78,263159.13,236758.85,233243.5,230677.29,0.26315913,0.23675885,0.2332435,0.23067729,0.2409596925
265,725.92,256852.1,267954.39,241323.17,237574.8,234469.02,0.26795439,0.24132317,0.23757479999999997,0.23446902,0.245330345
266,727.47,258753.73,270129.5,243008.21,239396.85,236579.99,0.2701295,0.24300821,0.23939685,0.23657999,0.2472786375
267,729.02,261157.85,272379.9,245614.03,241292.27,238786.38,0.2723799,0.24561403,0.24129227,0.23878638,0.249518145
268,730.56,273290.89,284967.5,256485.3,252192.97,249392.04,0.2849675,0.25648529999999997,0.25219297,0.24939204,0.2607594525
269,732.11,297491.62,310433.92,279111.38,275486.09,271788.29,0.31043392,0.27911138,0.27548609,0.27178829,0.28420491999999997
270,733.65,309725.22,322993.09,290301.05,286232.24,282800.28,0.32299309000000004,0.29030105,0.28623223999999997,0.28280028,0.295581665
271,735.2,305501.09,318520.19,286902.38,282493.79,279394.01,0.31852019,0.28690238,0.28249378999999997,0.27939401,0.2918275925
272,736.74,307786.74,321102.94,288861.89,284904.88,281704.86,0.32110294,0.28886189,0.28490488,0.28170486,0.2941436425
273,738.29,314570.44,327959.39,295323.84,290756.25,287897.16,0.32795939,0.29532384,0.29075625,0.28789716,0.30048416
274,739.83,319904.75,333117.29,300103.46,296528.71,292463.31,0.33311728999999995,0.30010346000000004,0.29652871000000003,0.29246331,0.3055531925
275,741.37,325450.31,338830.75,305221.6,300656.1,296968.57,0.33883075,0.3052216,0.3006561,0.29696857,0.310419255
276,742.91,330062.53,343645.49,309565.24,304967.39,301773.46,0.34364549,0.30956523999999996,0.30496739,0.30177346,0.31498789499999996
277,744.45,332330.75,346810.4,311996.14,307613.68,304247.95,0.3468104,0.31199614000000003,0.30761368,0.30424795,0.3176670425
278,745.99,334119.62,348247.22,314102.59,309299.9,305654.07,0.34824721999999997,0.31410259,0.3092999,0.30565407,0.319325945
279,747.53,333396.99,347816.43,313342.77,308862.95,305188.09,0.34781643,0.31334277,0.30886295,0.30518809,0.31880255999999996
280,749.07,332291.57,346412.3,312403.71,307475.43,304504.49,0.3464123,0.31240371,0.30747543,0.30450449,0.3176989825
281,750.61,331480.25,345649.65,311622.14,306910.64,303595.14,0.34564965000000003,0.31162214,0.30691064,0.30359514000000004,0.3169443925
282,752.15,331976.18,345413.97,311262.48,306841.24,303534.01,0.34541396999999996,0.31126248,0.30684124,0.30353401,0.31676292500000003
283,753.69,331066.47,344709.04,310793.56,306176.61,302601.08,0.34470903999999997,0.31079356,0.30617660999999996,0.30260108,0.31607007249999997
284,755.22,328722.92,342920.37,308638.73,303998.58,301332.23,0.34292037,0.30863873,0.30399858,0.30133223,0.3142224775
285,756.76,317023.82,330387.09,298273.8,293577.66,290884.29,0.33038709000000005,0.2982738,0.29357765999999996,0.29088429,0.30328071
286,758.29,250977.24,262335.08,236546.91,233232.77,230850.73,0.26233508,0.23654691,0.23323276999999998,0.23085073,0.2407413725
287,759.83,193410.71,202055.92,181653.22,179440.04,177296.03,0.20205592,0.18165322,0.17944004,0.17729603,0.18511130250000002
288,761.37,191869.26,199888.3,180082.66,177559.43,175796.63,0.1998883,0.18008266,0.17755943,0.17579663,0.18333175499999999
289,762.9,195027.08,202894.42,182639.48,179775.49,177463.6,0.20289442000000002,0.18263948000000002,0.17977548999999998,0.1774636,0.1856932475
290,764.43,218345.78,227623.15,204205.55,201101.6,199480.65,0.22762315,0.20420554999999999,0.20110160000000002,0.19948064999999998,0.20810273749999997
291,765.97,250754.68,261155.28,234963.73,231439.28,228571.34,0.26115528,0.23496373,0.23143928,0.22857133999999998,0.23903240750000002
292,767.5,277036.04,288748.14,259814.42,256002.79,252953.49,0.28874814,0.25981442,0.25600279000000004,0.25295349,0.26437971
293,769.03,293306.33,306037.55,275517.51,271471.42,268750.78,0.30603755,0.27551751,0.27147141999999996,0.26875078,0.280444315
294,770.56,304111.86,317013.14,285972.71,281473.08,278238.97,0.31701314,0.28597271,0.28147308000000004,0.27823897,0.290674475
295,772.1,311288.8,324787.66,292475.42,287904.93,284857.95,0.32478766,0.29247542,0.28790493,0.28485795,0.29750648999999996
296,773.63,313586.06,326820.55,294449.69,290121.65,287188.6,0.32682055,0.29444969,0.29012165,0.28718859999999996,0.29964512249999997
297,775.16,315790.92,328584.46,296347.62,291721.71,288541.39,0.32858446,0.29634762,0.29172171,0.28854139,0.301298795
298,776.69,314784.71,328078.79,294989.69,290680.07,288196.56,0.32807878999999995,0.29498969,0.29068007,0.28819656,0.3004862775
299,778.22,313789.21,327327.68,294813.16,290929.17,287526.06,0.32732768,0.29481315999999996,0.29092916999999996,0.28752605999999997,0.30014901749999995
300,779.75,313150.14,326492.47,294433.29,289885.62,287217.16,0.32649247,0.29443328999999996,0.28988562,0.28721715999999997,0.299507135
301,781.28,312009.91,325713.31,293458.8,289145.47,286129.96,0.32571331,0.29345879999999996,0.28914546999999996,0.28612996,0.29861188499999997
302,782.81,310878.68,323788.35,291533.57,287462.96,284361.53,0.32378835,0.29153357,0.28746296000000005,0.28436153000000003,0.2967866025
303,784.33,309347.98,321778.55,290033.4,285391.61,282677.34,0.32177855,0.2900334,0.28539160999999996,0.28267734,0.294970225
304,785.86,304304.37,317420.25,285430.3,281551.52,278312.54,0.31742025,0.28543029999999997,0.28155152,0.27831254,0.29067865249999997
305,787.39,297983.18,310877.08,279557.52,275327.35,272317.42,0.31087708000000003,0.27955752,0.27532734999999997,0.27231742,0.2845198425
306,788.91,292957.4,305916.08,275527.34,271594.19,268033.66,0.30591608000000003,0.27552734,0.27159419,0.26803365999999995,0.2802678175
307,790.44,291154.45,302864.66,272704.56,268618.63,265585.77,0.30286465999999995,0.27270456,0.26861863,0.26558577,0.277443405
308,791.97,290022.01,302147.32,272155.38,267999.36,264957.32,0.30214732,0.27215538,0.26799935999999996,0.26495732,0.276814845
309,793.49,288839.91,300519.02,270798.31,266789.07,263912.87,0.30051902,0.27079831,0.26678907,0.26391287,0.2755048175
310,795.02,285295.29,297406.25,267639.01,263202.76,260895.91,0.29740625,0.26763901,0.26320276000000004,0.26089591,0.2722859825
311,796.54,287186.11,299428.9,269205.92,265682.16,262474.64,0.2994289,0.26920592,0.26568216,0.26247464000000004,0.274197905
312,798.07,285490.41,297194.6,267911.18,264009.78,261439.45,0.2971946,0.26791117999999997,0.26400978,0.26143945,0.2726387525
313,799.59,282480.62,294242.87,264743.9,261336.59,257975.94,0.29424287,0.26474390000000003,0.26133659,0.25797594,0.26957482499999996
314,801.12,280466.64,292380.18,262714.98,259297.55,256164.91,0.29238018,0.26271498,0.25929755,0.25616491,0.267639405
315,802.64,280500.76,291840.46,263081.05,259075.96,255842.94,0.29184046,0.26308105,0.25907596,0.25584294,0.2674601025
316,804.16,282793.59,295035.74,265360.77,261296.38,258798.98,0.29503574,0.26536077,0.26129638,0.25879898,0.2701229675
317,805.68,283909.68,295536.36,266270.91,261699.74,259314.78,0.29553636,0.26627090999999997,0.26169974,0.25931478,0.2707054475
318,807.21,279478.85,291481.01,262383.34,258449.86,255373.68,0.29148101,0.26238334,0.25844986,0.25537368,0.2669219725
319,808.73,274063.82,285608.73,256848.63,253426.03,250309.92,0.28560873,0.25684863,0.25342603,0.25030992,0.2615483275
320,810.25,264482.39,275474.54,248329.62,244510.75,241827.22,0.27547454,0.24832962,0.24451075,0.24182722,0.2525355325
321,811.77,246812.17,257798.95,230982.86,227806.59,225411.37,0.25779895,0.23098285999999998,0.22780659,0.22541137,0.2354999425
322,813.29,227210.4,237416.81,213183.13,209990.35,207530.34,0.23741681,0.21318313,0.20999035,0.20753034,0.21703015750000001
323,814.81,213739.63,222833.82,199704.1,196918.02,195025.59,0.22283382000000002,0.1997041,0.19691802,0.19502559,0.2036203825
324,816.33,209729.31,218903.0,196232.41,193279.96,191276.51,0.218903,0.19623241,0.19327996,0.19127651,0.19992297
325,817.85,213066.16,222678.96,199492.04,196534.25,194527.18,0.22267895999999998,0.19949204,0.19653425,0.19452718,0.2033081075
326,819.37,222691.55,232236.22,208189.97,205236.92,202705.73,0.23223622,0.20818997,0.20523692000000002,0.20270573,0.21209221
327,820.89,206048.64,215419.27,192992.92,189939.57,188202.32,0.21541927,0.19299292,0.18993957,0.18820232,0.19663852
328,822.41,210069.73,219326.68,196710.26,193870.06,191661.01,0.21932668,0.19671026,0.19387006,0.19166101000000002,0.2003920025
329,823.93,226374.54,235981.8,212094.88,208577.46,206530.01,0.2359818,0.21209488,0.20857746,0.20653001,0.2157960375
330,825.45,225988.86,235839.52,211736.84,209116.98,206025.55,0.23583952,0.21173684,0.20911698,0.20602555,0.2156797225
331,826.97,221891.23,231452.36,207732.41,204493.12,202194.27,0.23145236,0.20773241,0.20449312,0.20219426999999998,0.21146804
332,828.49,224336.77,233679.79,210818.11,206799.05,204763.42,0.23367979,0.21081810999999998,0.20679904999999998,0.20476342,0.2140150925
333,830.01,226390.7,236222.46,212137.24,209224.12,206623.13,0.23622246,0.21213723999999998,0.20922411999999999,0.20662313000000002,0.21605173749999998
334,831.52,229161.65,240128.56,214244.57,211437.88,209098.96,0.24012856,0.21424457,0.21143788,0.20909896,0.2187274925
335,833.04,236863.08,246922.5,222085.06,218922.05,216018.3,0.2469225,0.22208506,0.21892204999999998,0.2160183,0.2259869775
336,834.56,242511.06,253379.04,226519.62,223362.73,221447.9,0.25337904,0.22651962,0.22336273,0.2214479,0.2311773225
337,836.08,247629.14,258602.68,231582.94,227700.8,225682.08,0.25860268,0.23158294000000001,0.22770079999999998,0.22568207999999998,0.23589212499999998
338,837.59,252767.38,264376.95,236752.38,232709.76,230481.14,0.26437695,0.23675238,0.23270976000000002,0.23048114,0.2410800575
339,839.11,256784.12,267565.53,240871.18,236931.81,233510.79,0.26756553000000005,0.24087118,0.23693181,0.23351079,0.2447198275
340,840.62,259849.78,271524.34,243245.96,240028.97,237227.08,0.27152434000000003,0.24324595999999998,0.24002897,0.23722707999999998,0.2480065875
341,842.14,262284.21,273033.14,245407.87,241513.34,238345.78,0.27303314,0.24540787,0.24151334,0.23834578,0.24957503250000002
342,843.66,264979.13,276486.37,247744.29,244255.67,241704.28,0.27648637,0.24774429,0.24425567,0.24170428,0.2525476525
343,845.17,265696.79,278080.3,249237.7,245841.38,243072.07,0.2780803,0.2492377,0.24584138,0.24307207,0.2540578625
344,846.69,264807.49,276330.01,248812.76,244287.94,242288.6,0.27633001,0.24881276000000002,0.24428794,0.2422886,0.2529298275
345,848.2,259121.95,269938.59,242419.8,239079.37,236534.28,0.26993859000000003,0.2424198,0.23907936999999999,0.23653427999999999,0.24699301
346,849.72,260039.68,271612.41,243827.2,240574.04,238067.5,0.27161240999999997,0.24382720000000002,0.24057404000000002,0.2380675,0.24852028750000002
347,851.23,256883.02,268133.37,240811.09,237328.84,234757.33,0.26813337,0.24081109,0.23732883999999999,0.23475733,0.24525765749999998
348,852.75,246062.73,256295.14,229798.57,226944.26,224197.66,0.25629514000000003,0.22979857,0.22694426,0.22419766,0.2343089075
349,854.26,253175.27,264545.41,237419.49,233737.73,231247.13,0.26454541,0.23741948999999998,0.23373773,0.23124713,0.24173743999999997
350,855.77,259483.03,270408.05,242742.19,239372.28,236545.9,0.27040805,0.24274219,0.23937228,0.2365459,0.247267105
351,857.29,259765.85,271100.3,243472.59,239113.19,237587.4,0.27110029999999996,0.24347259,0.23911319,0.2375874,0.24781836999999998
352,858.8,259647.9,271288.61,243143.23,239864.16,237186.25,0.27128861,0.24314323000000002,0.23986416,0.23718625,0.2478705625
353,860.31,260469.8,271553.62,243679.45,240606.71,237588.84,0.27155362,0.24367945000000002,0.24060671,0.23758884,0.24835715500000002
354,861.83,261321.46,271820.74,244633.14,240764.99,237615.2,0.27182074,0.24463314000000003,0.24076498999999998,0.2376152,0.2487085175
355,863.34,254902.6,266499.22,239347.52,235723.57,232935.93,0.26649922,0.23934751999999998,0.23572357,0.23293592999999999,0.24362656
356,864.85,246122.82,256260.6,229902.37,226748.39,224495.55,0.2562606,0.22990237,0.22674839000000002,0.22449555,0.2343517275
357,866.37,250621.77,261483.57,234786.4,231527.86,228326.49,0.26148357,0.2347864,0.23152785999999997,0.22832649,0.23903108
358,867.88,253218.01,263954.97,237373.75,232788.78,230931.58,0.26395496999999996,0.23737375,0.23278878,0.23093158,0.24126227
359,869.39,253252.81,265526.01,237793.3,233308.86,231125.64,0.26552601000000003,0.23779329999999999,0.23330885999999998,0.23112564000000002,0.24193845249999998
360,870.9,252870.04,264541.89,237407.85,233497.18,230789.79,0.26454189,0.23740785,0.23349718,0.23078979,0.2415591775
361,872.41,251882.08,262689.31,235425.62,231925.55,228916.72,0.26268931,0.23542562,0.23192554999999998,0.22891672,0.2397393
362,873.93,251168.59,261819.29,234252.77,231370.82,228363.56,0.26181929,0.23425277,0.23137082,0.22836356,0.23895161
363,875.44,250467.62,262144.14,234749.24,230899.84,228333.57,0.26214414,0.23474924,0.23089984,0.22833357,0.2390316975
364,876.95,250022.39,261255.67,234584.86,230840.43,228541.23,0.26125567,0.23458485999999998,0.23084042999999999,0.22854123,0.2388055475
365,878.46,248869.78,259239.35,232103.39,228467.31,226514.59,0.25923935,0.23210339000000002,0.22846731,0.22651459,0.23658115999999998
366,879.97,248250.55,259245.49,231792.71,228473.49,225430.86,0.25924548999999997,0.23179270999999999,0.22847349,0.22543085999999998,0.2362356375
367,881.48,247374.79,258548.38,231604.47,228563.56,226017.68,0.25854838,0.23160447,0.22856356,0.22601768,0.23618352250000002
368,882.99,247102.92,258130.42,231432.27,227877.36,224975.39,0.25813042,0.23143227,0.22787735999999997,0.22497539000000003,0.23560386
369,884.5,244898.13,255123.99,228626.33,225789.96,222878.95,0.25512398999999997,0.22862633,0.22578995999999998,0.22287895000000002,0.23310480749999998
370,886.01,242733.57,254295.96,228797.45,225198.56,221905.96,0.25429596,0.22879745,0.22519856,0.22190595999999999,0.2325494825
371,887.52,243834.17,255707.43,227636.22,225355.93,221974.8,0.25570743,0.22763622,0.22535592999999998,0.2219748,0.232668595
372,889.03,241825.82,253751.92,226998.78,223856.09,221116.31,0.25375192,0.22699878,0.22385609,0.22111631,0.231430775
373,890.54,236336.39,246891.54,220751.05,218524.58,214813.78,0.24689154000000002,0.22075104999999998,0.21852458,0.21481378,0.22524523749999997
374,892.05,226212.19,236721.86,211973.28,209769.64,206887.96,0.23672185999999998,0.21197328,0.20976964,0.20688795999999998,0.216338185
375,893.56,210375.4,220219.05,196698.82,194172.57,191384.99,0.22021905,0.19669882,0.19417257000000002,0.19138498999999998,0.2006188575
376,895.07,193659.69,202953.93,180790.75,178735.29,175786.16,0.20295393,0.18079075,0.17873529000000002,0.17578616,0.18456653250000002
377,896.58,180848.97,189495.87,169902.36,167326.69,164843.01,0.18949586999999998,0.16990235999999997,0.16732669,0.16484301,0.17289198249999999
378,898.09,171615.35,178687.41,159828.58,156151.11,154736.7,0.17868741,0.15982858,0.15615110999999998,0.1547367,0.16235095
379,899.59,166492.56,173946.0,156038.37,153715.22,150811.28,0.173946,0.15603836999999998,0.15371522,0.15081128,0.1586277175
380,901.1,171195.18,178828.09,158903.23,157019.79,155532.86,0.17882809,0.15890323,0.15701979000000002,0.15553286,0.1625709925
381,902.61,181368.71,191882.84,171764.46,169034.83,165597.52,0.19188284,0.17176445999999998,0.16903483,0.16559752,0.17456991249999998
382,904.12,181483.58,189144.61,168749.71,166161.52,164194.5,0.18914461,0.16874971,0.16616151999999998,0.1641945,0.172062585
383,905.63,165548.4,173073.33,155161.88,153042.18,150286.58,0.17307333,0.15516188,0.15304218,0.15028657999999998,0.1578909925
384,907.13,156194.24,163776.48,145687.41,143846.01,141787.97,0.16377648,0.14568741000000002,0.14384601,0.14178797,0.1487744675
385,908.64,154533.6,162276.88,144467.35,143361.17,140153.24,0.16227688,0.14446735,0.14336117,0.14015323999999998,0.14756466
386,910.15,157262.23,164579.37,146905.66,144541.67,143866.24,0.16457937,0.14690566,0.14454167,0.14386623999999998,0.14997323499999998
387,911.65,150165.28,157972.04,139832.81,139373.59,135929.43,0.15797204,0.13983281,0.13937359,0.13592943,0.1432769675
388,913.16,148383.16,156340.61,139723.57,135861.87,135159.74,0.15634061,0.13972357000000002,0.13586187,0.13515974,0.1417714475
389,914.66,146055.91,154507.4,137247.32,135580.84,132009.79,0.1545074,0.13724732,0.13558084,0.13200979000000002,0.13983633750000002
390,916.17,145556.36,153427.55,136595.32,134294.51,131751.52,0.15342755,0.13659532000000002,0.13429451,0.13175151999999998,0.13901722500000002
391,917.68,156323.53,163205.7,144402.63,143296.57,141576.03,0.1632057,0.14440263,0.14329657,0.14157603,0.1481202325
392,919.18,162831.84,172322.04,152717.28,150594.48,146973.22,0.17232204,0.15271728,0.15059448,0.14697322,0.155651755
393,920.68,162102.92,172732.62,153371.38,149448.51,148436.16,0.17273262,0.15337138,0.14944851,0.14843616,0.1559971675
394,922.19,161909.53,168329.42,149583.35,148170.98,146501.81,0.16832942,0.14958335,0.14817098,0.14650181,0.15314639000000002
395,923.69,160374.53,167403.93,147877.81,147357.12,143451.89,0.16740393,0.14787781,0.14735712,0.14345189000000003,0.1515226875
396,925.2,157746.77,166700.67,149056.21,146554.38,143920.88,0.16670067000000002,0.14905621,0.14655438,0.14392088,0.151558035
397,926.7,141868.41,149342.19,133060.02,130791.2,129056.21,0.14934219,0.13306002,0.1307912,0.12905621,0.135562405
398,928.2,124078.52,132035.73,117739.73,113423.95,112345.01,0.13203573000000002,0.11773973,0.11342395,0.11234501,0.11888610499999999
399,929.71,107137.54,114270.9,100004.18,98632.38,96163.15,0.1142709,0.10000418,0.09863238,0.09616314999999999,0.1022676525
400,931.21,88676.52,92992.01,83804.18,81716.04,78792.63,0.09299201,0.08380417999999999,0.08171603999999999,0.07879263,0.08432621500000001
401,932.71,74886.92,81411.16,70206.49,69922.83,66377.04,0.08141116000000001,0.07020649000000001,0.06992283,0.06637704,0.07197938000000001
402,934.21,70593.96,73757.03,65130.48,63405.17,60817.2,0.07375703,0.06513048,0.06340517,0.060817199999999995,0.06577747
403,935.71,62441.79,66072.13,57359.32,57359.32,55471.55,0.06607213,0.05735932,0.05735932,0.05547155,0.05906558
404,937.21,66993.28,70225.41,63026.57,61116.68,57884.55,0.07022541,0.06302657,0.06111668,0.05788455,0.0630633025
405,938.71,71174.88,73380.71,66469.1,63233.88,62939.77,0.07338071,0.0664691,0.06323387999999999,0.06293976999999999,0.066505865
406,940.21,64758.17,68166.49,61498.03,59127.02,56756.01,0.06816649000000001,0.06149803,0.059127019999999995,0.05675601,0.0613868875
407,941.71,58501.18,63901.29,54301.09,55051.11,53101.07,0.06390129,0.054301089999999996,0.05505111,0.05310107,0.05658864
408,943.21,55845.6,58439.52,51878.42,50657.75,47453.5,0.058439519999999995,0.05187842,0.05065775,0.0474535,0.052107297500000004
409,944.71,55061.41,58445.07,51370.14,50754.93,47217.47,0.05844507,0.05137014,0.050754930000000004,0.047217470000000004,0.0519469025
410,946.21,55470.06,60286.79,52517.88,52673.25,48167.28,0.06028679,0.052517879999999996,0.05267325,0.04816728,0.0534113
411,947.71,57187.92,62828.37,55151.09,53427.62,50294.03,0.06282837000000001,0.05515109,0.05342762,0.050294029999999997,0.0554252775
412,949.2,62344.28,63768.39,58546.66,54590.81,53324.93,0.06376839,0.05854666,0.05459081,0.05332493,0.0575576975
413,950.7,59800.0,63786.67,55813.34,53580.8,51029.34,0.06378667,0.055813339999999996,0.053580800000000005,0.05102934,0.056052537500000006
414,952.2,63032.9,66740.72,59647.5,56745.73,53682.75,0.06674072,0.0596475,0.05674573,0.05368275,0.059204175
415,953.69,61376.07,67578.97,58927.56,56805.51,53377.59,0.06757897,0.05892756,0.056805510000000004,0.053377589999999996,0.0591724075
416,955.19,64933.76,68909.29,59964.34,60129.99,55160.57,0.06890929,0.05996434,0.06012999,0.05516057,0.061041047499999994
417,956.68,67394.13,73261.77,65885.3,65550.01,61191.18,0.07326177,0.06588530000000001,0.06555000999999999,0.06119118,0.066472065
418,958.17,67456.28,72213.91,63208.41,62868.58,58110.95,0.07221391,0.06320841,0.06286858000000001,0.058110949999999995,0.06410046250000001
419,959.67,74740.06,79227.91,70252.2,67317.84,62657.37,0.07922791,0.0702522,0.06731783999999999,0.06265737,0.06986383
420,961.16,79918.55,83940.71,73273.24,72223.98,68901.33,0.08394071,0.07327324,0.07222398,0.06890133,0.074584815
421,962.65,84504.33,89120.11,79533.49,76337.95,74207.58,0.08912011,0.07953349,0.07633795,0.07420758,0.0797997825
422,964.14,88246.29,93840.64,82832.41,79764.54,75794.36,0.09384064,0.08283241000000001,0.07976454,0.07579436,0.0830579875
423,965.63,97268.07,102213.91,90307.27,88658.66,85910.97,0.10221391,0.09030727000000001,0.08865866,0.08591097,0.0917727025
424,967.12,114516.7,122163.58,106683.31,104258.69,99036.43,0.12216358000000001,0.10668331,0.10425869,0.09903643,0.1080355025
425,968.61,122759.42,129969.4,116498.12,113272.6,107959.99,0.12996939999999998,0.11649812,0.1132726,0.10795999,0.1169250275
426,970.1,132730.16,140114.85,124762.46,120487.11,118543.77,0.14011485,0.12476246,0.12048711,0.11854377,0.12597704750000002
427,971.58,130239.83,139386.45,123876.97,120297.86,116519.91,0.13938645000000002,0.12387697,0.12029786,0.11651991,0.1250202975
428,973.07,129342.13,135443.17,121207.4,118970.35,112259.2,0.13544317,0.12120739999999999,0.11897035,0.1122592,0.12197003000000001
429,974.55,130566.81,136804.08,121418.82,118300.18,112270.83,0.13680408,0.12141882000000001,0.11830017999999999,0.11227083,0.1221984775
430,976.04,136021.94,144749.48,128145.87,125591.46,121121.26,0.14474948,0.12814587,0.12559146000000002,0.12112126,0.1299020175
431,977.52,139858.77,147047.77,129402.04,127441.4,120905.95,0.14704777,0.12940204,0.12744139999999998,0.12090595,0.13119929
432,979.0,144026.76,153688.46,137061.35,134365.06,128073.72,0.15368846,0.13706135,0.13436506,0.12807372,0.1382971475
433,980.49,156682.51,162434.44,141267.35,140807.19,133904.88,0.16243444,0.14126735,0.14080719,0.13390488,0.14460346500000001
434,981.97,156616.35,168427.53,145513.83,144568.93,139372.01,0.16842753,0.14551382999999998,0.14456892999999998,0.13937201000000002,0.149470575
435,983.45,165034.88,171568.52,152693.56,151241.64,143740.06,0.17156852,0.15269356,0.15124164,0.14374006,0.154810945
436,984.92,170492.47,177011.3,157705.53,156953.36,149933.08,0.17701129999999998,0.15770553,0.15695336,0.14993308,0.1604008175
437,986.4,170829.58,183990.17,160765.6,158185.1,150443.57,0.18399017,0.1607656,0.1581851,0.15044357,0.16334611
438,987.88,178519.97,186804.58,167830.16,161416.26,159545.55,0.18680458,0.16783016,0.16141626,0.15954554999999998,0.16889913750000002
439,989.35,180572.94,190726.73,167949.3,163284.04,158344.35,0.19072673,0.1679493,0.16328404000000002,0.15834435,0.170076105
440,990.83,183118.99,193672.57,174276.79,169998.31,162297.05,0.19367257000000002,0.17427679000000001,0.16999830999999999,0.16229705,0.17506117999999998
441,992.3,186502.56,193279.12,174422.62,173538.72,164699.74,0.19327912,0.17442262,0.17353872,0.16469973999999998,0.17648505
442,993.77,187167.4,201847.2,178910.01,175545.9,166371.02,0.2018472,0.17891001,0.1755459,0.16637101999999998,0.18066853249999998
443,995.24,190432.38,203989.65,178136.25,173091.68,169623.54,0.20398965,0.17813625,0.17309168,0.16962354000000002,0.18121028
444,996.71,196096.21,205574.2,182696.3,177467.07,168642.74,0.2055742,0.18269629999999998,0.17746707,0.16864273999999999,0.1835950775
445,998.18,193509.8,204693.38,178937.26,174192.71,174531.61,0.20469338,0.17893726000000001,0.17419271,0.17453160999999998,0.18308874
446,999.64,195129.59,209243.85,183132.47,183132.47,174311.06,0.20924385,0.18313247,0.18313247,0.17431106,0.1874549625
447,1001.1,192009.61,204055.84,179598.34,177408.12,175582.93,0.20405584,0.17959834,0.17740812,0.17558293,0.18416130749999998
448,1002.5,192021.06,206413.17,182173.82,178765.17,169296.67,0.20641317,0.18217382000000001,0.17876517,0.16929667,0.1841622075
449,1004.0,192434.43,204240.22,179054.53,174725.74,170790.48,0.20424022,0.17905453,0.17472574,0.17079048000000002,0.18220274250000001
450,1005.4,198937.46,207107.38,183006.12,180555.15,169934.26,0.20710738,0.18300612,0.18055515,0.16993426,0.1851507275
451,1006.9,191776.46,207509.79,181145.84,177744.04,172641.34,0.20750979,0.18114584,0.17774404000000002,0.17264134,0.1847602525
452,1008.4,194514.1,201555.33,183512.17,183952.25,172950.32,0.20155532999999998,0.18351217,0.18395225,0.17295032000000002,0.1854925175
453,1009.8,196924.69,209289.73,182727.79,179980.01,169446.82,0.20928973,0.18272779,0.17998001,0.16944682,0.1853610875
454,1011.3,196942.51,204535.47,179383.78,177010.98,171316.25,0.20453547,0.17938378,0.17701098,0.17131625,0.18306161999999998
455,1012.7,196199.02,206603.51,184308.17,179353.65,177867.29,0.20660351000000002,0.18430817000000002,0.17935365,0.17786729,0.187033155
456,1014.2,188308.1,207241.26,183191.04,176027.14,171933.49,0.20724126,0.18319104,0.17602714000000003,0.17193349,0.18459823250000001
457,1015.6,198285.43,206813.83,187091.89,182827.69,173233.24,0.20681382999999998,0.18709189,0.18282769000000001,0.17323323999999998,0.1874916625
458,1017.1,192511.04,207490.28,179196.15,179196.15,176977.0,0.20749028,0.17919615,0.17919615,0.176977,0.185714895
459,1018.5,200071.08,208096.86,186312.61,175420.49,176567.03,0.20809686,0.18631261,0.17542048999999998,0.17656702999999999,0.18659924749999998
460,1020.0,195240.97,211312.63,177383.56,176193.07,173216.83,0.21131263,0.17738356,0.17619307,0.17321683,0.18452652249999998
461,1021.4,194311.8,207969.5,186862.14,180033.3,171342.03,0.2079695,0.18686214,0.18003329999999998,0.17134203,0.1865517425
462,1022.8,190854.23,205039.34,181827.34,183116.89,170221.34,0.20503934,0.18182734,0.18311689,0.17022134,0.1850512275
463,1024.3,194160.73,212842.87,182150.79,181483.57,169473.63,0.21284287,0.18215079,0.18148357,0.16947363000000001,0.18648771500000003
464,1025.7,202079.45,209692.03,178549.65,177857.6,168860.91,0.20969203,0.17854965,0.1778576,0.16886091,0.1837400475
465,1027.1,197182.02,205817.73,187826.67,182789.17,174153.46,0.20581773,0.18782667,0.18278917,0.17415345999999998,0.1876467575
466,1028.6,193908.03,208132.94,188667.27,171447.64,166206.88,0.20813294,0.18866727,0.17144764,0.16620688,0.1836136825
467,1030.0,201865.52,208853.18,170809.29,179349.75,184008.19,0.20885318,0.17080929,0.17934975,0.18400819000000002,0.1857551025
468,1031.4,194527.91,200178.1,179191.68,179191.68,172734.33,0.2001781,0.17919168,0.17919168,0.17273433,0.18282394749999997
469,1032.8,193906.49,209855.51,185512.27,182994.01,168723.83,0.20985551000000002,0.18551226999999998,0.18299401,0.16872383,0.186771405
470,1034.3,198072.14,216235.97,183368.1,183368.1,173853.72,0.21623597,0.1833681,0.1833681,0.17385372,0.1892064725
471,1035.7,195774.29,216524.56,179534.95,178632.76,175024.02,0.21652456,0.17953495,0.17863276,0.17502402,0.18742907250000002
472,1037.1,197614.63,204109.0,176275.96,175348.19,173492.65,0.204109,0.17627595999999998,0.17534819000000001,0.17349265,0.18230645
473,1038.5,191838.09,217736.23,183205.37,177450.23,179368.61,0.21773623,0.18320537,0.17745023000000001,0.17936860999999998,0.18944011
474,1039.9,202181.24,205169.14,181265.94,182261.91,169314.34,0.20516914000000003,0.18126594000000001,0.18226191,0.16931434,0.18450283250000002
475,1041.3,194410.7,213024.49,179933.31,184069.7,179933.31,0.21302448999999998,0.17993330999999999,0.1840697,0.17993330999999999,0.1892402025
476,1042.7,204695.63,215412.67,180046.41,184333.23,169329.37,0.21541267,0.18004641,0.18433323000000001,0.16932937,0.18728042
477,1044.1,204289.14,214281.54,180973.53,180973.53,170981.12,0.21428154000000002,0.18097353,0.18097353,0.17098112,0.18680243000000002
478,1045.5,194391.15,211543.31,179525.94,182956.37,180669.42,0.21154330999999998,0.17952594,0.18295637,0.18066942000000002,0.18867376000000002
479,1046.9,198700.81,212978.72,179663.61,174904.31,167765.36,0.21297872,0.17966360999999997,0.17490431,0.16776535999999997,0.183828
480,1048.3,187325.34,203138.52,178810.55,184892.55,164213.77,0.20313852,0.17881054999999998,0.18489255,0.16421376999999998,0.18276384749999997
481,1049.7,191901.17,212370.63,180387.1,180387.1,182945.78,0.21237063,0.1803871,0.1803871,0.18294578,0.1890226525
482,1051.1,202956.4,216221.52,179079.17,179079.17,185711.74,0.21622152,0.17907917,0.17907917,0.18571174,0.19002290000000002
483,1052.5,191295.07,222499.23,185868.26,184511.55,158734.2,0.22249923000000002,0.18586826,0.18451155,0.15873420000000002,0.18790331000000002
484,1053.9,197489.61,222701.05,186284.53,175079.44,163874.36,0.22270104999999998,0.18628453,0.17507944,0.16387436,0.18698484499999998
485,1055.2,193413.93,226861.45,177417.29,180325.77,175963.05,0.22686145000000002,0.17741729,0.18032577,0.17596304999999998,0.19014189
486,1056.6,192183.99,205696.93,189181.12,171163.87,163656.68,0.20569693,0.18918112,0.17116387,0.16365668,0.18242465
487,1058.0,203242.74,204806.15,195425.71,181355.06,181355.06,0.20480615,0.19542571,0.18135505999999998,0.18135505999999998,0.190735495
488,1059.3,204426.62,215783.66,197936.89,180090.12,170355.52,0.21578366000000002,0.19793689,0.18009012,0.17035551999999998,0.1910415475
489,1060.7,197473.71,210749.25,189176.49,192495.38,169263.18,0.21074925,0.18917649,0.19249538,0.16926317999999999,0.190421075
490,1062.1,198400.07,226245.69,193179.01,191438.66,198400.07,0.22624569,0.19317901,0.19143866,0.19840007,0.2023158575
491,1063.4,199319.63,204564.88,171344.94,169596.52,176590.19,0.20456488,0.17134494,0.16959652,0.17659019,0.1805241325
492,1064.8,190077.2,222052.8,188300.78,181195.09,181195.09,0.2220528,0.18830078,0.18119509,0.18119509,0.19318594
493,1066.1,191137.71,208835.65,182288.74,180518.95,169900.19,0.20883564999999998,0.18228873999999998,0.18051895,0.16990019,0.18538588250000002
494,1067.5,194551.58,238600.99,179868.44,185374.62,183539.23,0.23860098999999999,0.17986844,0.18537462,0.18353923,0.19684582
495,1068.8,201578.02,225842.04,171714.61,184779.85,175447.53,0.22584204000000002,0.17171461,0.18477985,0.17544753,0.1894460075
496,1070.1,194516.46,205738.56,187035.05,187035.05,155239.09,0.20573856,0.18703504999999998,0.18703504999999998,0.15523909,0.1837619375
497,1071.5,204264.08,202372.74,192916.07,160763.39,177785.4,0.20237274,0.19291607,0.16076339,0.17778539999999998,0.1834594
498,1072.8,192003.44,229612.36,192003.44,188044.61,156373.94,0.22961236,0.19200344,0.18804460999999997,0.15637394,0.1915085875
499,1074.1,194163.54,220456.52,184050.85,177983.24,173938.17,0.22045652,0.18405085000000002,0.17798324,0.17393817,0.189107195
500,1075.4,210204.86,210204.86,185474.87,189596.54,158684.06,0.21020486,0.18547487,0.18959654,0.15868406,0.18599008250000001
501,1076.7,207968.09,224773.59,182759.84,178558.46,170155.71,0.22477359,0.18275984,0.17855846,0.17015571,0.18906189999999998
502,1078.0,167409.6,209262.0,196045.45,191639.94,178423.39,0.209262,0.19604545,0.19163994,0.17842339000000002,0.193842695
503,1079.3,187525.55,236639.38,191990.44,165201.08,174130.86,0.23663938,0.19199044,0.16520108,0.17413086,0.19199044
504,1080.6,176809.95,208957.22,176809.95,183698.65,176809.95,0.20895722,0.17680995000000002,0.18369865,0.17680995000000002,0.1865689425
505,1081.9,181713.83,215187.43,186495.78,172149.95,160195.09,0.21518742999999999,0.18649578,0.17214995000000002,0.16019508999999998,0.18350706249999998
506,1083.2,196374.92,198829.6,193920.23,171828.05,166918.68,0.1988296,0.19392023,0.17182804999999998,0.16691867999999999,0.18287414
507,1084.5,194194.6,249678.77,194194.6,191672.59,171496.53,0.24967877,0.1941946,0.19167259,0.17149653,0.2017606225
508,1085.8,182294.64,229170.41,182294.64,182294.64,197919.9,0.22917041,0.18229464,0.18229464,0.19791989999999998,0.1979198975
509,1087.0,204624.92,215254.79,188680.12,183365.19,156790.53,0.21525479,0.18868012,0.18336519,0.15679053,0.1860226575
510,1088.3,194331.89,177909.47,172435.34,158749.99,175172.41,0.17790947000000001,0.17243534,0.15874998999999998,0.17517241,0.1710668025
